id,fixed acidity,volatile acidity,citric acid,residual sugar,chlorides,free sulfur dioxide,total sulfur dioxide,density,pH,sulphates,alcohol,type,quality
13,7.199999809,0.360000014,0.460000008,2.099999905,0.074000001,24,44,0.99533999,3.400000095,0.850000024,11,red,7
22,8.199999809,0.239999995,0.340000004,5.099999905,0.061999999,8,22,0.997399986,3.220000029,0.939999998,10.89999962,red,6
30,6.599999905,0.189999998,0.409999996,8.899999619,0.046,51,169,0.995400012,3.140000105,0.569999993,9.800000191,white,6
31,7.400000095,0.349999994,0.330000013,2.400000095,0.068000004,9,26,0.994700015,3.359999895,0.600000024,11.89999962,red,6
41,5.900000095,0.150000006,0.310000002,5.800000191,0.041000001,53,155,0.994499981,3.519999981,0.460000008,10.5,white,6
51,8.100000381,0.270000011,0.349999994,1.700000048,0.029999999,38,103,0.992550015,3.220000029,0.629999995,10.39999962,white,8
64,6.400000095,0.150000006,0.289999992,1.799999952,0.044,21,115,0.991659999,3.099999905,0.379999995,10.19999981,white,5
65,10.19999981,0.670000017,0.389999986,1.899999976,0.054000001,6,17,0.997600019,3.170000076,0.469999999,10,red,5
66,6.199999809,0.200000003,0.25999999,9.699999809,0.029999999,39,102,0.990800023,3.079999924,0.560000002,12.89999962,white,7
81,6.5,0.300000012,0.319999993,2,0.044,34,90,0.991850019,3.369999886,0.680000007,11,white,7
86,8.100000381,0.280000001,0.389999986,1.899999976,0.028999999,18,79,0.992299974,3.230000019,0.519999981,11.80000019,white,6
88,7.099999905,0.230000004,0.300000012,2.599999905,0.034000002,62,148,0.991209984,3.029999971,0.560000002,11.30000019,white,7
89,6.400000095,0.560000002,0.150000006,1.799999952,0.078000002,17,65,0.992940009,3.329999924,0.600000024,10.5,red,6
95,6.900000095,0.540000021,0.319999993,13.19999981,0.050000001,53,236,0.997300029,3.200000048,0.5,9.600000381,white,5
102,9.300000191,0.310000002,0.49000001,1.299999952,0.041999999,34,147,0.994799972,3.109999895,0.460000008,9.800000191,white,5
104,11.60000038,0.474999994,0.400000006,1.399999976,0.090999998,6,28,0.997039974,3.069999933,0.649999976,10.03333378,red,6
108,6,0.50999999,0,2.099999905,0.064000003,40,54,0.995000005,3.539999962,0.930000007,10.69999981,red,6
111,7.599999905,0.209999993,0.600000024,2.099999905,0.046,47,165,0.993600011,3.049999952,0.540000021,10.10000038,white,7
115,7.099999905,0.340000004,0.150000006,1.200000048,0.052999999,61,183,0.993600011,3.089999914,0.430000007,9.199999809,white,5
118,10.39999962,0.239999995,0.49000001,1.799999952,0.075000003,6,20,0.997699976,3.180000067,1.059999943,11,red,6
123,5.800000191,0.270000011,0.270000011,12.30000019,0.045000002,55,170,0.997200012,3.279999971,0.419999987,9.300000191,white,6
132,6.400000095,0.349999994,0.280000001,1.100000024,0.055,9,160,0.994050026,3.420000076,0.5,9.100000381,white,7
136,8.899999619,0.319999993,0.49000001,1.600000024,0.050000001,17,131,0.995599985,3.130000114,0.340000004,9.399999619,white,5
137,5.5,0.335000008,0.300000012,2.5,0.071000002,27,128,0.992399991,3.140000105,0.50999999,9.600000381,white,6
145,7.900000095,0.340000004,0.360000014,1.899999976,0.064999998,5,10,0.994189978,3.269999981,0.540000021,11.19999981,red,7
155,7.300000191,0.230000004,0.370000005,1.899999976,0.041000001,51,165,0.990800023,3.25999999,0.400000006,12.19999981,white,8
167,11.89999962,0.370000005,0.689999998,2.299999952,0.078000002,12,24,0.995800018,3,0.649999976,12.80000019,red,6
172,5.300000191,0.275000006,0.239999995,7.400000095,0.037999999,28,114,0.993130028,3.380000114,0.50999999,11,white,6
181,9.600000381,0.209999993,0.280000001,1.200000048,0.037999999,12,53,0.992600024,2.799999952,0.460000008,10.60000038,white,5
185,6.099999905,0.349999994,0.239999995,2.299999952,0.034000002,25,133,0.99059999,3.339999914,0.589999974,12,white,7
192,7.099999905,0.439999998,0.370000005,2.700000048,0.041000001,35,128,0.989600003,3.069999933,0.430000007,13.5,white,7
196,6.699999809,0.25,0.330000013,2.900000095,0.057,52,173,0.993399978,3.019999981,0.479999989,9.5,white,7
210,6.900000095,0.200000003,0.340000004,1.899999976,0.043000001,25,136,0.993499994,3.309999943,0.600000024,10.10000038,white,4
216,10.60000038,0.360000014,0.600000024,2.200000048,0.151999995,7,18,0.998600006,3.039999962,1.059999943,9.399999619,red,5
219,6,0.310000002,0.469999999,3.599999905,0.067000002,18,42,0.995490015,3.390000105,0.660000026,11,red,6
226,8.699999809,0.689999998,0.310000002,3,0.086000003,23,81,1.000200033,3.480000019,0.74000001,11.60000038,red,6
227,12.30000019,0.389999986,0.629999995,2.299999952,0.090999998,6,18,1.000399947,3.160000086,0.49000001,9.5,red,5
241,7.099999905,0.180000007,0.389999986,14.5,0.050999999,48,156,0.999469995,3.349999905,0.779999971,9.100000381,white,5
255,7,0.140000001,0.400000006,1.700000048,0.035,16,85,0.991100013,3.190000057,0.419999987,11.80000019,white,6
263,8,0.270000011,0.239999995,1.200000048,0.044,20,102,0.992900014,3.279999971,0.419999987,10.89999962,white,5
270,8.199999809,0.25999999,0.439999998,1.299999952,0.046,7,69,0.994400024,3.140000105,0.620000005,10.19999981,white,4
277,6.699999809,0.409999996,0.239999995,5.400000095,0.035,33,115,0.990100026,3.119999886,0.439999998,12.89333344,white,7
280,8.800000191,0.189999998,0.300000012,5,0.028000001,34,120,0.992420018,2.940000057,0.469999999,11.19999981,white,5
283,7.199999809,0.479999989,0.07,5.5,0.089000002,10,18,0.99684,3.369999886,0.680000007,11.19999981,red,7
285,7.099999905,0.25,0.319999993,10.30000019,0.041000001,66,272,0.996900022,3.170000076,0.519999981,9.100000381,white,6
288,6.199999809,0.439999998,0.389999986,2.5,0.077,6,14,0.995549977,3.50999999,0.689999998,11,red,6
292,9.899999619,0.349999994,0.550000012,2.099999905,0.061999999,5,14,0.997099996,3.25999999,0.790000021,10.60000038,red,5
332,11.10000038,0.439999998,0.419999987,2.200000048,0.064000003,14,19,0.997579992,3.25,0.569999993,10.39999962,red,6
333,6.800000191,0.189999998,0.319999993,7.050000191,0.018999999,54,188,0.993499994,3.25,0.370000005,11.10000038,white,8
337,6.699999809,0.170000002,0.419999987,10.39999962,0.037999999,85,182,0.996280015,3.039999962,0.439999998,8.899999619,white,6
345,6,0.25999999,0.419999987,5.199999809,0.027000001,70,178,0.991400003,3.400000095,0.400000006,12.30000019,white,8
356,6.900000095,0.389999986,0.239999995,2.099999905,0.101999998,4,7,0.994620025,3.440000057,0.579999983,11.39999962,red,4
372,7.300000191,0.670000017,0.02,2.200000048,0.071999997,31,92,0.995660007,3.319999933,0.680000007,11.0666666,red,6
397,6.900000095,0.349999994,0.389999986,2.400000095,0.048,25,157,0.991330028,3.200000048,0.540000021,11.10000038,white,7
400,6,0.289999992,0.270000011,2.299999952,0.044,20,117,0.989499986,3.309999943,0.409999996,12.69999981,white,7
415,7.5,0.289999992,0.360000014,15.69999981,0.050000001,29,124,0.996800005,3.059999943,0.540000021,10.39999962,white,5
419,6.400000095,0.360000014,0.209999993,2.200000048,0.046999998,26,48,0.996609986,3.470000029,0.769999981,9.699999809,red,6
420,7.099999905,0.200000003,0.300000012,0.899999976,0.018999999,4,28,0.989310026,3.200000048,0.360000014,12,white,6
425,6.900000095,0.319999993,0.159999996,1.399999976,0.050999999,15,96,0.994000018,3.220000029,0.379999995,9.5,white,4
432,9,0.430000007,0.340000004,2.5,0.079999998,26,86,0.998700023,3.380000114,0.620000005,9.5,red,6
435,5.099999905,0.300000012,0.300000012,2.299999952,0.048,40,150,0.989440024,3.289999962,0.460000008,12.19999981,white,6
436,6.699999809,0.409999996,0.01,2.799999952,0.048,39,137,0.994199991,3.24000001,0.349999994,9.5,white,5
450,6.699999809,0.200000003,0.409999996,9.100000381,0.044,50,166,0.995400012,3.140000105,0.579999983,9.800000191,white,6
451,5.699999809,0.219999999,0.280000001,1.299999952,0.027000001,26,101,0.989480019,3.349999905,0.379999995,12.5,white,7
452,7.099999905,0.200000003,0.300000012,0.899999976,0.018999999,4,28,0.989310026,3.200000048,0.360000014,12,white,6
464,9.100000381,0.764999986,0.039999999,1.600000024,0.078000002,4,14,0.998000026,3.289999962,0.540000021,9.699999809,red,4
472,6.300000191,0.25999999,0.419999987,7.099999905,0.045000002,62,209,0.995440006,3.200000048,0.529999971,9.5,white,6
475,6.800000191,0.150000006,0.330000013,4.699999809,0.059,31,118,0.995599985,3.430000067,0.389999986,9,white,7
477,6.400000095,0.360000014,0.529999971,2.200000048,0.230000004,19,35,0.993399978,3.369999886,0.930000007,12.39999962,red,6
479,6.099999905,0.400000006,0.310000002,0.899999976,0.048,23,170,0.992999971,3.220000029,0.769999981,9.5,white,6
480,7.400000095,0.785000026,0.189999998,5.199999809,0.093999997,19,98,0.997129977,3.160000086,0.519999981,9.600000381,red,6
484,8,0.239999995,0.360000014,1.5,0.046999998,17,129,0.994799972,3.200000048,0.540000021,10,white,6
495,7.199999809,0.670000017,0,2.200000048,0.068000004,10,24,0.995599985,3.420000076,0.720000029,11.10000038,red,6
507,6.900000095,0.180000007,0.360000014,1.299999952,0.035999998,40,117,0.993399978,3.269999981,0.949999988,9.5,white,7
512,7.900000095,0.289999992,0.360000014,11.10000038,0.033,43,208,0.996900022,3.140000105,0.460000008,10.30000019,white,5
521,9.199999809,0.219999999,0.400000006,2.400000095,0.054000001,18,151,0.995199978,3.039999962,0.460000008,9.300000191,white,4
523,6,0.340000004,0.660000026,15.89999962,0.046,26,164,0.997900009,3.140000105,0.5,8.800000191,white,6
540,11.60000038,0.469999999,0.439999998,1.600000024,0.147,36,51,0.998359978,3.380000114,0.860000014,9.899999619,red,4
543,7,0.159999996,0.319999993,8.300000191,0.045000002,38,126,0.995800018,3.210000038,0.340000004,9.199999809,white,5
559,9.800000191,0.449999988,0.379999995,2.5,0.081,34,66,0.997259974,3.150000095,0.579999983,9.800000191,red,5
585,5.699999809,0.360000014,0.209999993,6.699999809,0.037999999,51,166,0.994099975,3.289999962,0.629999995,10,white,6
592,7,0.310000002,0.289999992,1.399999976,0.037,33,128,0.989600003,3.119999886,0.360000014,12.19999981,white,7
610,6.900000095,0.25,0.25999999,5.199999809,0.024,36,135,0.994799972,3.160000086,0.720000029,10.69999981,white,7
616,6.400000095,0.330000013,0.310000002,5.5,0.048,42,173,0.995100021,3.190000057,0.660000026,9.300000191,white,6
620,5.199999809,0.49000001,0.25999999,2.299999952,0.090000004,23,74,0.995299995,3.710000038,0.620000005,12.19999981,red,6
629,7.900000095,0.25999999,0.409999996,15.14999962,0.039999999,38,216,0.997600019,2.960000038,0.600000024,10,white,6
632,7.599999905,0.270000011,0.289999992,2.5,0.059,37,115,0.993279994,3.089999914,0.370000005,9.800000191,white,5
640,7.099999905,0.25999999,0.289999992,12.39999962,0.044,62,240,0.996900022,3.039999962,0.419999987,9.199999809,white,6
644,8.399999619,0.370000005,0.529999971,1.799999952,0.412999988,9,26,0.997900009,3.059999943,1.059999943,9.100000381,red,6
650,8.300000191,0.140000001,0.340000004,1.100000024,0.041999999,7,47,0.993399978,3.470000029,0.400000006,10.19999981,white,6
662,7.400000095,0.360000014,0.340000004,1.799999952,0.075000003,18,38,0.993300021,3.380000114,0.879999995,13.60000038,red,7
664,7.300000191,0.300000012,0.74000001,13.5,0.039000001,46,165,0.998199999,3.019999981,0.400000006,8.699999809,white,5
683,8.300000191,0.25999999,0.370000005,1.399999976,0.075999998,8,23,0.997399986,3.25999999,0.699999988,9.600000381,red,6
686,5.800000191,0.300000012,0.379999995,4.900000095,0.039000001,22,86,0.989629984,3.230000019,0.579999983,13.10000038,white,7
687,7.400000095,0.319999993,0.219999999,1.700000048,0.050999999,50,179,0.995500028,3.279999971,0.689999998,8.899999619,white,5
702,6.400000095,0.219999999,0.340000004,1.399999976,0.023,56,115,0.989579976,3.180000067,0.699999988,11.69999981,white,6
708,7.099999905,0.209999993,0.319999993,2.200000048,0.037,28,141,0.992999971,3.200000048,0.569999993,10,white,7
717,6.800000191,0.25999999,0.289999992,16.95000076,0.056000002,48,179,0.999800026,3.450000048,0.400000006,9.600000381,white,5
729,7.099999905,0.270000011,0.270000011,10.39999962,0.041000001,26,114,0.993350029,3.039999962,0.519999981,11.5,white,7
731,6.400000095,0.180000007,0.74000001,11.89999962,0.046,54,168,0.997799993,3.579999924,0.680000007,10.10000038,white,5
732,6.599999905,0.280000001,0.409999996,7,0.046,59,194,0.995580018,3.140000105,0.479999989,9.399999619,white,5
734,6.699999809,0.330000013,0.340000004,6.599999905,0.067000002,35,156,0.995419979,3.109999895,0.479999989,9.300000191,white,6
742,8,0.5,0.389999986,2.599999905,0.082000002,12,46,0.99849999,3.430000067,0.620000005,10.69999981,red,6
743,6.199999809,0.270000011,0.430000007,7.800000191,0.056000002,48,244,0.995599985,3.099999905,0.50999999,9,white,6
749,5.900000095,0.189999998,0.209999993,1.700000048,0.045000002,57,135,0.993409991,3.319999933,0.439999998,9.5,white,5
754,7.800000191,0.25,0.370000005,1,0.043000001,10,80,0.991280019,3.079999924,0.379999995,11.39999962,white,5
758,5.900000095,0.400000006,0.319999993,6,0.034000002,50,127,0.991999984,3.50999999,0.579999983,12.5,white,7
759,12.5,0.370000005,0.550000012,2.599999905,0.082999997,25,68,0.999499977,3.150000095,0.819999993,10.39999962,red,6
766,7.5,0.270000011,0.360000014,7,0.035999998,45,164,0.993900001,3.029999971,0.330000013,11,white,5
775,5.599999905,0.254999995,0.569999993,10.69999981,0.056000002,66,171,0.994639993,3.25,0.610000014,10.39999962,white,7
782,6.400000095,0.670000017,0.079999998,2.099999905,0.045000002,19,48,0.994899988,3.49000001,0.49000001,11.39999962,red,6
786,7.099999905,0.370000005,0.319999993,1.399999976,0.037,27,126,0.99180001,3.190000057,0.620000005,12,white,5
804,8.800000191,0.330000013,0.439999998,6.349999905,0.024,9,87,0.991699994,2.960000038,0.400000006,12.60000038,white,7
817,10.39999962,0.409999996,0.550000012,3.200000048,0.075999998,22,54,0.999599993,3.150000095,0.889999986,9.899999619,red,6
822,6.699999809,0.855000019,0.02,1.899999976,0.064000003,29,38,0.994719982,3.299999952,0.560000002,10.75,red,6
825,9.199999809,0.280000001,0.49000001,11.80000019,0.041999999,29,137,0.998000026,3.099999905,0.340000004,10.10000038,white,4
828,7.599999905,1.580000043,0,2.099999905,0.136999995,5,9,0.994759977,3.5,0.400000006,10.89999962,red,3
841,7.900000095,0.439999998,0.370000005,5.849999905,0.033,27,93,0.991999984,3.160000086,0.540000021,12.60000038,white,7
848,8.199999809,0.330000013,0.389999986,2.5,0.074000001,29,48,0.995280027,3.319999933,0.879999995,12.39999962,red,7
852,6.5,0.529999971,0.059999999,2,0.063000001,29,44,0.994889975,3.380000114,0.829999983,10.30000019,red,6
856,7.099999905,0.219999999,0.49000001,1.799999952,0.039000001,8,18,0.993439972,3.390000105,0.560000002,12.39999962,red,6
865,6.400000095,0.239999995,0.289999992,1,0.037999999,18,122,0.99059999,3.299999952,0.419999987,11.5,white,5
867,7.599999905,0.280000001,0.49000001,20.14999962,0.059999999,30,145,1.001960039,3.00999999,0.439999998,8.5,white,5
874,8.300000191,0.330000013,0.419999987,1.149999976,0.033,18,96,0.991100013,3.200000048,0.319999993,12.39999962,white,3
911,7.699999809,0.230000004,0.370000005,1.799999952,0.046,23,60,0.997099996,3.410000086,0.709999979,12.10000038,red,6
950,7.400000095,0.159999996,0.300000012,13.69999981,0.056000002,33,168,0.998250008,2.900000095,0.439999998,8.699999809,white,7
961,6.900000095,0.219999999,0.319999993,9.300000191,0.039999999,22,110,0.995800018,3.339999914,0.540000021,10.69999981,white,7
963,7.099999905,0.25,0.389999986,2.099999905,0.035999998,30,124,0.990800023,3.279999971,0.430000007,12.19999981,white,8
964,9.399999619,0.300000012,0.560000002,2.799999952,0.079999998,6,17,0.996399999,3.150000095,0.920000017,11.69999981,red,8
965,6.699999809,0.239999995,0.409999996,9.399999619,0.039999999,49,166,0.995400012,3.119999886,0.610000014,9.899999619,white,6
969,6.900000095,0.280000001,0.400000006,8.199999809,0.035999998,15,95,0.994400024,3.170000076,0.330000013,10.19999981,white,5
974,7.599999905,0.360000014,0.49000001,11.30000019,0.046,87,221,0.998399973,3.00999999,0.430000007,9.199999809,white,5
975,7,0.239999995,0.319999993,1.299999952,0.037,39,123,0.991999984,3.170000076,0.419999987,11.19999981,white,8
980,8.800000191,0.270000011,0.25,5,0.024,52,99,0.992500007,2.869999886,0.49000001,11.39999962,white,5
982,9,0.379999995,0.529999971,2.099999905,0.101999998,19,76,0.990010023,2.930000067,0.569999993,12.89999962,white,5
987,6.5,0.529999971,0.059999999,2,0.063000001,29,44,0.994889975,3.380000114,0.829999983,10.30000019,red,6
1004,6.800000191,0.289999992,0.560000002,11.89999962,0.043000001,66,230,0.997200012,3.019999981,0.629999995,9.300000191,white,5
1018,7.099999905,0.720000029,0,1.799999952,0.123000003,6,14,0.996270001,3.450000048,0.579999983,9.800000191,red,5
1038,6.599999905,0.150000006,0.340000004,5.099999905,0.055,34,125,0.994199991,3.359999895,0.419999987,9.600000381,white,5
1040,11.69999981,0.449999988,0.629999995,2.200000048,0.072999999,7,23,0.999740005,3.210000038,0.689999998,10.89999962,red,6
1045,5.599999905,0.159999996,0.270000011,1.399999976,0.044,53,168,0.99180001,3.279999971,0.370000005,10.10000038,white,6
1047,5.599999905,0.389999986,0.239999995,4.699999809,0.034000002,27,77,0.99059999,3.279999971,0.360000014,12.69999981,white,5
1051,7.199999809,0.230000004,0.379999995,14.30000019,0.057999998,55,194,0.997900009,3.089999914,0.439999998,9,white,6
1053,9.899999619,0.5,0.239999995,2.299999952,0.103,6,14,0.997799993,3.339999914,0.519999981,10,red,4
1056,8,0.769999981,0.319999993,2.099999905,0.079000004,16,74,0.996559978,3.269999981,0.5,9.800000191,red,6
1070,10.30000019,0.5,0.419999987,2,0.068999998,21,51,0.998199999,3.160000086,0.720000029,11.5,red,6
1074,6.900000095,0.319999993,0.300000012,1.799999952,0.035999998,28,117,0.992690027,3.24000001,0.479999989,11,white,6
1076,8.100000381,0.200000003,0.400000006,2,0.037,19,87,0.9921,3.119999886,0.540000021,11.19999981,white,6
1094,7.5,0.230000004,0.360000014,7,0.035999998,43,161,0.993799984,3.039999962,0.319999993,11,white,5
1095,8.699999809,0.819999993,0.02,1.200000048,0.07,36,48,0.995199978,3.200000048,0.579999983,9.800000191,red,5
1114,7.800000191,0.289999992,0.360000014,7,0.041999999,38,161,0.994099975,3.25999999,0.370000005,11.19999981,white,8
1127,7.5,0.519999981,0.400000006,2.200000048,0.059999999,12,20,0.994740009,3.25999999,0.639999986,11.80000019,red,6
1135,5.800000191,0.25999999,0.239999995,9.199999809,0.044,55,152,0.996100008,3.309999943,0.379999995,9.399999619,white,5
1137,6.300000191,0.50999999,0.129999995,2.299999952,0.075999998,29,40,0.995739996,3.420000076,0.75,11,red,6
1141,7,0.230000004,0.400000006,1.600000024,0.063000001,21,67,0.995199978,3.5,0.629999995,11.10000038,red,5
1143,6.300000191,0.409999996,0.219999999,7.300000191,0.035,23,117,0.991720021,3.200000048,0.389999986,11.93999958,white,7
1163,6.800000191,0.280000001,0.400000006,22,0.048,48,167,1.001000047,2.930000067,0.5,8.699999809,white,5
1173,9.600000381,0.680000007,0.239999995,2.200000048,0.086999997,5,28,0.99879998,3.140000105,0.600000024,10.19999981,red,5
1184,6.400000095,0.289999992,0.439999998,3.599999905,0.200000003,75,181,0.994199991,3.019999981,0.409999996,9.100000381,white,5
1191,6.400000095,0.239999995,0.319999993,0.949999988,0.041000001,23,131,0.990329981,3.25,0.349999994,11.80000019,white,5
1192,6,0.50999999,0,2.099999905,0.064000003,40,54,0.995000005,3.539999962,0.930000007,10.69999981,red,6
1207,7,0.360000014,0.349999994,2.5,0.048,67,161,0.991460025,3.049999952,0.560000002,11.10000038,white,6
1214,6.800000191,0.810000002,0.050000001,2,0.07,6,14,0.995620012,3.50999999,0.660000026,10.80000019,red,6
1219,7.599999905,0.180000007,0.460000008,10.19999981,0.055,58,135,0.996800005,3.140000105,0.430000007,9.899999619,white,6
1221,8.199999809,0.289999992,0.330000013,9.100000381,0.035999998,28,118,0.995299995,2.960000038,0.400000006,10.89999962,white,7
1227,6.300000191,0.230000004,0.300000012,1.799999952,0.033,16,91,0.99059999,3.279999971,0.400000006,11.80000019,white,6
1246,7.400000095,0.74000001,0.07,1.700000048,0.086000003,15,48,0.995019972,3.119999886,0.479999989,10,red,5
1247,5.599999905,0.310000002,0.779999971,13.89999962,0.074000001,23,92,0.996770024,3.390000105,0.479999989,10.5,red,6
1248,5.800000191,0.239999995,0.280000001,1.399999976,0.037999999,40,76,0.987110019,3.099999905,0.289999992,13.89999962,white,7
1257,7.199999809,0.25,0.370000005,2.5,0.063000001,11,41,0.994390011,3.519999981,0.800000012,12.39999962,red,7
1258,6.599999905,0.239999995,0.330000013,10.10000038,0.032000002,8,81,0.996259987,3.190000057,0.50999999,9.800000191,white,6
1268,5.900000095,0.219999999,0.289999992,4.199999809,0.037,69,144,0.992139995,3.130000114,0.74000001,10.80000019,white,7
1270,7.5,0.150000006,0.379999995,1.799999952,0.054000001,19,101,0.994599998,3.24000001,0.439999998,10,white,5
1279,7.5,0.330000013,0.389999986,12.39999962,0.064999998,29,119,0.997399986,3.160000086,0.389999986,9.399999619,white,5
1282,6.599999905,0.280000001,0.419999987,8.199999809,0.044,60,196,0.995620012,3.140000105,0.479999989,9.399999619,white,5
1286,6.400000095,0.129999995,0.469999999,1.600000024,0.092,40,158,0.992799997,3.210000038,0.360000014,9.800000191,white,6
1300,6.900000095,0.629999995,0.01,2.400000095,0.075999998,14,39,0.995220006,3.339999914,0.529999971,10.80000019,red,6
1304,6.300000191,0.319999993,0.319999993,1.5,0.029999999,24,101,0.989229977,3.210000038,0.419999987,13,white,5
1307,8.5,0.209999993,0.409999996,4.300000191,0.035999998,24,99,0.994700015,3.180000067,0.529999971,9.699999809,white,6
1314,6.099999905,0.330000013,0.319999993,7.800000191,0.052000001,52,183,0.996569991,3.390000105,0.649999976,9.5,white,5
1329,7.199999809,0.219999999,0.239999995,1.399999976,0.041000001,17,159,0.991959989,3.25,0.529999971,11.19999981,white,6
1334,6.900000095,0.115000002,0.349999994,5.400000095,0.048,36,108,0.993900001,3.319999933,0.419999987,10.19999981,white,6
1346,7.900000095,0.159999996,0.300000012,4.800000191,0.037,37,171,0.996699989,3.470000029,0.439999998,9,white,4
1352,8.199999809,0.915000021,0.270000011,2.099999905,0.088,7,23,0.996200025,3.25999999,0.469999999,10,red,4
1356,7.199999809,0.529999971,0.129999995,2,0.057999998,18,22,0.995729983,3.210000038,0.680000007,9.899999619,red,6
1366,6.800000191,0.280000001,0.439999998,9.300000191,0.030999999,35,137,0.994599998,3.160000086,0.360000014,10.39999962,white,6
1369,6.599999905,0.219999999,0.349999994,1.399999976,0.050000001,23,83,0.990190029,3.170000076,0.479999989,12,white,7
1404,8.600000381,0.63499999,0.680000007,1.799999952,0.402999997,19,56,0.996320009,3.019999981,1.149999976,9.300000191,red,5
1406,7.099999905,0.230000004,0.349999994,16.5,0.039999999,60,171,0.999000013,3.160000086,0.589999974,9.100000381,white,6
1411,9.100000381,0.400000006,0.5,1.799999952,0.071000002,7,16,0.994620025,3.210000038,0.689999998,12.5,red,8
1422,6.5,0.25,0.5,7.599999905,0.046999998,54,184,0.995720029,3.170000076,0.449999988,9.199999809,white,5
1423,7.199999809,0.660000026,0.330000013,2.5,0.068000004,34,102,0.994140029,3.269999981,0.779999971,12.80000019,red,6
1431,8.399999619,0.170000002,0.310000002,6.699999809,0.037999999,29,132,0.994499981,3.099999905,0.319999993,10.60000038,white,7
1474,6.800000191,0.25,0.340000004,4.699999809,0.030999999,34,134,0.992699981,3.210000038,0.379999995,10.60000038,white,6
1485,6.599999905,0.25999999,0.460000008,7.800000191,0.046999998,48,186,0.995800018,3.200000048,0.540000021,9.100000381,white,5
1486,6.099999905,0.310000002,0.370000005,8.399999619,0.030999999,70,170,0.993399978,3.420000076,0.400000006,11.69999981,white,8
1490,6,0.419999987,0.189999998,2,0.075000003,22,47,0.995220006,3.390000105,0.779999971,10,red,6
1496,7.099999905,0.150000006,0.340000004,5.300000191,0.034000002,33,104,0.995299995,3.369999886,0.519999981,9.300000191,white,7
1501,8.199999809,0.239999995,0.340000004,5.099999905,0.061999999,8,22,0.997399986,3.220000029,0.939999998,10.89999962,red,6
1513,6.699999809,0.230000004,0.25999999,1.399999976,0.059999999,33,154,0.993399978,3.24000001,0.560000002,9.5,white,6
1518,6.400000095,0.209999993,0.5,11.60000038,0.041999999,45,153,0.997200012,3.150000095,0.430000007,8.800000191,white,5
1528,6.900000095,0.270000011,0.400000006,14,0.050000001,64,227,0.997900009,3.180000067,0.579999983,9.600000381,white,6
1531,6.300000191,0.495000005,0.219999999,1.799999952,0.046,31,140,0.992900014,3.390000105,0.540000021,10.39999962,white,6
1579,6.300000191,0.289999992,0.289999992,3.299999952,0.037,32,140,0.989499986,3.170000076,0.360000014,12.80000019,white,7
1594,5.800000191,0.25999999,0.180000007,1.200000048,0.030999999,40,114,0.990800023,3.420000076,0.400000006,11,white,7
1606,6.800000191,0.239999995,0.400000006,1.799999952,0.046999998,34,105,0.99000001,3.130000114,0.49000001,12.80000019,white,8
1610,6.199999809,0.270000011,0.319999993,8.800000191,0.046999998,65,224,0.996100008,3.170000076,0.469999999,8.899999619,white,5
1613,6.5,0.519999981,0.170000002,1.399999976,0.046999998,5,26,0.993200004,3.25999999,0.319999993,10,white,4
1631,7.400000095,0.159999996,0.300000012,13.69999981,0.056000002,33,168,0.998250008,2.900000095,0.439999998,8.699999809,white,7
1640,7.5,0.189999998,0.340000004,2.599999905,0.037,33,125,0.992299974,3.099999905,0.49000001,11.10000038,white,7
1642,7.099999905,0.319999993,0.239999995,13.10000038,0.050000001,52,204,0.998000026,3.099999905,0.49000001,8.800000191,white,5
1647,7,0.270000011,0.360000014,20.70000076,0.045000002,45,170,1.001000047,3,0.449999988,8.800000191,white,6
1649,7.300000191,0.49000001,0.319999993,5.199999809,0.043000001,18,104,0.995199978,3.24000001,0.449999988,10.69999981,white,4
1662,7,0.310000002,0.25999999,7.400000095,0.068999998,28,160,0.995400012,3.130000114,0.460000008,9.800000191,white,6
1670,7,0.200000003,0.300000012,6.099999905,0.037,31,120,0.993900001,3.24000001,0.50999999,10.80000019,white,5
1679,7.5,0.579999983,0.200000003,2,0.072999999,34,44,0.994939983,3.099999905,0.430000007,9.300000191,red,5
1680,5.099999905,0.419999987,0,1.799999952,0.044,18,88,0.991569996,3.680000067,0.730000019,13.60000038,red,7
1692,5.199999809,0.200000003,0.270000011,3.200000048,0.046999998,16,93,0.992349982,3.440000057,0.529999971,10.10000038,white,7
1715,8.199999809,0.680000007,0.300000012,2.099999905,0.046999998,17,138,0.995000005,3.220000029,0.709999979,10.80000019,white,4
1716,7,0.569999993,0.100000001,8.300000191,0.093999997,23,188,0.997200012,3.400000095,0.469999999,9.199999809,white,4
1718,6.400000095,0.219999999,0.340000004,1.399999976,0.023,56,115,0.989579976,3.180000067,0.699999988,11.69999981,white,6
1728,7,0.25,0.319999993,9,0.046,56,245,0.995500028,3.25,0.5,10.39999962,white,6
1733,7.300000191,0.409999996,0.239999995,6.800000191,0.057,41,163,0.994899988,3.200000048,0.409999996,9.899999619,white,6
1741,7.800000191,0.699999988,0.059999999,1.899999976,0.079000004,20,35,0.996280015,3.400000095,0.689999998,10.89999962,red,5
1757,8.899999619,0.25999999,0.330000013,8.100000381,0.024,47,202,0.995580018,3.130000114,0.460000008,10.80000019,white,6
1773,6.599999905,0.324999988,0.49000001,7.699999809,0.048999999,53,217,0.995999992,3.160000086,0.400000006,9.300000191,white,5
1775,7.5,0.379999995,0.479999989,2.599999905,0.072999999,22,84,0.997200012,3.319999933,0.699999988,9.600000381,red,4
1776,6.800000191,0.300000012,0.239999995,6.599999905,0.123000003,35,116,0.995299995,3.069999933,0.479999989,9.399999619,white,5
1805,7.099999905,0.300000012,0.49000001,1.600000024,0.045000002,31,100,0.994199991,3.400000095,0.589999974,10.19999981,white,5
1814,7,0.159999996,0.319999993,8.300000191,0.045000002,38,126,0.995800018,3.210000038,0.340000004,9.199999809,white,5
1815,6.300000191,0.300000012,0.340000004,1.600000024,0.048999999,14,132,0.994000018,3.299999952,0.49000001,9.5,white,6
1830,6.400000095,0.379999995,0.140000001,2.200000048,0.037999999,15,25,0.995140016,3.440000057,0.649999976,11.10000038,red,6
1834,6,0.540000021,0.059999999,1.799999952,0.050000001,38,89,0.992359996,3.299999952,0.5,10.55000019,red,6
1837,10,0.409999996,0.449999988,6.199999809,0.071000002,6,14,0.997020006,3.210000038,0.49000001,11.80000019,red,7
1847,6.400000095,0.400000006,0.189999998,3.200000048,0.033,28,124,0.990400016,3.220000029,0.540000021,12.69999981,white,7
1859,6.5,0.629999995,0.330000013,1.799999952,0.059,16,28,0.995310009,3.359999895,0.639999986,10.10000038,red,6
1863,6.099999905,0.600000024,0,1.299999952,0.041999999,24,79,0.993700027,3.309999943,0.379999995,9.399999619,white,4
1867,5.5,0.319999993,0.449999988,4.900000095,0.028000001,25,191,0.992200017,3.50999999,0.49000001,11.5,white,7
1877,5.400000095,0.589999974,0.07,7,0.045000002,36,147,0.994400024,3.339999914,0.569999993,9.699999809,white,6
1880,9.199999809,0.629999995,0.209999993,2.700000048,0.097000003,29,65,0.99879998,3.279999971,0.579999983,9.600000381,red,5
1881,6.599999905,0.230000004,0.289999992,14.44999981,0.057,29,144,0.997560024,3.329999924,0.540000021,10.19999981,white,6
1882,8.699999809,0.230000004,0.319999993,13.39999962,0.044,35,169,0.999750018,3.119999886,0.469999999,8.800000191,white,7
1888,9.800000191,0.25,0.74000001,10,0.056000002,36,225,0.997699976,3.059999943,0.430000007,10,white,4
1892,6.099999905,0.180000007,0.360000014,2,0.037999999,20,249.5,0.992299974,3.369999886,0.790000021,11.30000019,white,6
1896,6.099999905,0.529999971,0.079999998,1.899999976,0.077,24,45,0.995280027,3.599999905,0.680000007,10.30000019,red,6
1898,10.19999981,0.670000017,0.389999986,1.899999976,0.054000001,6,17,0.997600019,3.170000076,0.469999999,10,red,5
1899,6.900000095,0.289999992,0.400000006,19.45000076,0.043000001,36,156,0.999599993,2.930000067,0.469999999,8.899999619,white,5
1908,7.300000191,0.389999986,0.370000005,1.100000024,0.043000001,36,113,0.990999997,3.390000105,0.479999989,12.69999981,white,8
1921,5.900000095,0.460000008,0,1.899999976,0.077,25,44,0.993849993,3.5,0.529999971,11.19999981,red,5
1928,6.400000095,0.349999994,0.200000003,5.699999809,0.034000002,18,117,0.994400024,3.329999924,0.430000007,10.10000038,white,5
1944,6.199999809,0.310000002,0.25999999,4.800000191,0.037,36,148,0.992799997,3.210000038,0.409999996,10.39999962,white,6
1954,9.199999809,0.140000001,0.370000005,1.100000024,0.034000002,36,84,0.991360009,3.049999952,0.550000012,11.60000038,white,6
1958,6.599999905,0.439999998,0.090000004,2.200000048,0.063000001,9,18,0.994440019,3.420000076,0.689999998,11.30000019,red,6
1960,6.599999905,0.460000008,0.49000001,7.400000095,0.052000001,19,184,0.995599985,3.109999895,0.379999995,9,white,5
1970,7.099999905,0.230000004,0.349999994,16.5,0.039999999,60,171,0.999000013,3.160000086,0.589999974,9.100000381,white,6
2007,8.5,0.319999993,0.419999987,2.299999952,0.075000003,12,19,0.994340003,3.140000105,0.709999979,11.80000019,red,7
2010,9.399999619,0.685000002,0.109999999,2.700000048,0.077,6,31,0.998399973,3.190000057,0.699999988,10.10000038,red,6
2029,6.599999905,0.379999995,0.180000007,1.200000048,0.041999999,20,84,0.992699981,3.220000029,0.449999988,10.10000038,white,4
2045,7.599999905,0.300000012,0.419999987,2,0.052000001,6,24,0.996299982,3.440000057,0.819999993,11.89999962,red,6
2057,5.800000191,0.400000006,0.419999987,4.400000095,0.046999998,38.5,245,0.993700027,3.25,0.569999993,9.600000381,white,6
2071,6.300000191,0.479999989,0.039999999,1.100000024,0.046,30,99,0.992799997,3.24000001,0.360000014,9.600000381,white,6
2075,9.800000191,0.439999998,0.469999999,2.5,0.063000001,9,28,0.998099983,3.24000001,0.649999976,10.80000019,red,6
2076,5.400000095,0.579999983,0.079999998,1.899999976,0.059,20,31,0.994840026,3.5,0.639999986,10.19999981,red,6
2087,5.300000191,0.300000012,0.200000003,1.100000024,0.077,48,166,0.994400024,3.299999952,0.540000021,8.699999809,white,4
2095,6.599999905,0.545000017,0.039999999,2.5,0.030999999,48,111,0.99059999,3.140000105,0.319999993,11.89999962,white,5
2097,6.199999809,0.50999999,0.140000001,1.899999976,0.056000002,15,34,0.993960023,3.480000019,0.569999993,11.5,red,6
2120,7.199999809,0.620000005,0.01,2.299999952,0.064999998,8,46,0.993319988,3.319999933,0.50999999,11.80000019,red,6
2126,7.199999809,0.230000004,0.319999993,8.5,0.057999998,47,186,0.995599985,3.190000057,0.400000006,9.899999619,white,6
2144,7.300000191,0.280000001,0.419999987,14.39999962,0.039999999,49,173,0.99940002,3.279999971,0.819999993,9,white,7
2153,6,0.395000011,0,1.399999976,0.041999999,7,55,0.991349995,3.369999886,0.379999995,11.19999981,white,4
2156,7.599999905,0.349999994,0.600000024,2.599999905,0.072999999,23,44,0.996559978,3.380000114,0.790000021,11.10000038,red,6
2158,6,0.519999981,0.330000013,7.699999809,0.046,24,119,0.992240012,3.039999962,0.379999995,11,white,6
2168,7.5,0.379999995,0.569999993,2.299999952,0.105999999,5,12,0.99605,3.359999895,0.550000012,11.39999962,red,6
2172,6,0.579999983,0.200000003,2.400000095,0.075000003,15,50,0.994669974,3.579999924,0.670000017,12.5,red,6
2174,9.5,0.779999971,0.219999999,1.899999976,0.077,6,32,0.99879998,3.25999999,0.560000002,10.60000038,red,6
2192,5.199999809,0.600000024,0.07,7,0.044,33,147,0.994400024,3.329999924,0.579999983,9.699999809,white,5
2195,8.100000381,0.219999999,0.430000007,1.5,0.044,28,129,0.993799984,3.220000029,0.449999988,11,white,6
2201,8,0.419999987,0.360000014,5,0.037,34,101,0.991999984,3.130000114,0.569999993,12.30000019,white,7
2227,10.39999962,0.340000004,0.579999983,3.700000048,0.173999995,6,16,0.996999979,3.190000057,0.699999988,11.30000019,red,6
2231,6.400000095,0.25999999,0.419999987,9.699999809,0.044,30,140,0.996200025,3.180000067,0.469999999,9.100000381,white,6
2242,6.599999905,0.209999993,0.310000002,11.39999962,0.039000001,46,165,0.997950017,3.410000086,0.439999998,9.800000191,white,7
2277,6.099999905,0.409999996,0.140000001,10.39999962,0.037,18,119,0.995999992,3.380000114,0.449999988,10,white,5
2278,6.699999809,0.264999986,0.219999999,8.600000381,0.048,54,198,0.995500028,3.25,0.409999996,10.19999981,white,5
2281,9.199999809,0.430000007,0.519999981,2.299999952,0.082999997,14,23,0.997600019,3.349999905,0.610000014,11.30000019,red,6
2282,7.900000095,0.540000021,0.340000004,2.5,0.075999998,8,17,0.992349982,3.200000048,0.720000029,13.10000038,red,8
2291,6.5,0.219999999,0.270000011,1.600000024,0.039000001,36,116,0.991779983,3.380000114,0.569999993,11,white,7
2294,7.099999905,0.150000006,0.340000004,1,0.033,27,73,0.989740014,3.24000001,0.409999996,12.19999981,white,6
2301,5.900000095,0.439999998,0,1.600000024,0.041999999,3,11,0.994400024,3.480000019,0.850000024,11.69999981,red,6
2302,6.599999905,0.379999995,0.360000014,9.199999809,0.061000001,42,214,0.997600019,3.309999943,0.560000002,9.399999619,white,5
2315,8.100000381,0.280000001,0.400000006,6.900000095,0.050000001,30,97,0.995100021,3.25999999,0.439999998,10.10000038,white,6
2320,6.900000095,0.230000004,0.400000006,7.5,0.039999999,50,151,0.992699981,3.109999895,0.270000011,11.39999962,white,6
2324,7,0.170000002,0.330000013,4,0.034000002,17,127,0.993399978,3.190000057,0.389999986,10.60000038,white,7
2327,8.5,0.280000001,0.349999994,1.700000048,0.061000001,6,15,0.995239973,3.299999952,0.74000001,11.80000019,red,7
2332,7.150000095,0.170000002,0.239999995,9.600000381,0.119000003,56,178,0.995779991,3.150000095,0.439999998,10.19999981,white,6
2337,6.099999905,0.125,0.25,3.299999952,0.039999999,10,69,0.993399978,3.539999962,0.589999974,10.10000038,white,6
2341,7.199999809,0.189999998,0.310000002,1.600000024,0.061999999,31,173,0.991699994,3.349999905,0.439999998,11.69999981,white,6
2350,8.399999619,0.670000017,0.189999998,2.200000048,0.093000002,11,75,0.997359991,3.200000048,0.589999974,9.199999809,red,4
2354,8.199999809,0.439999998,0.239999995,2.299999952,0.063000001,10,28,0.99612999,3.25,0.529999971,10.19999981,red,6
2361,7.400000095,0.159999996,0.300000012,13.69999981,0.056000002,33,168,0.998250008,2.900000095,0.439999998,8.699999809,white,7
2364,6.599999905,0.239999995,0.270000011,1.399999976,0.057,33,152,0.993399978,3.220000029,0.560000002,9.5,white,6
2376,7.800000191,0.49000001,0.49000001,7,0.043000001,29,149,0.995199978,3.210000038,0.330000013,10,white,5
2382,8.300000191,0.270000011,0.449999988,1.299999952,0.048,8,72,0.994400024,3.079999924,0.610000014,10.30000019,white,4
2383,7.199999809,0.449999988,0.150000006,2,0.078000002,10,28,0.996089995,3.289999962,0.50999999,9.899999619,red,6
2394,6.400000095,0.790000021,0.039999999,2.200000048,0.061000001,11,17,0.995880008,3.529999971,0.649999976,10.39999962,red,6
2397,6.099999905,0.340000004,0.270000011,2.599999905,0.024,20,105,0.99059999,3.400000095,0.670000017,12.19999981,white,7
2399,6.199999809,0.699999988,0.150000006,5.099999905,0.075999998,13,27,0.996219993,3.539999962,0.600000024,11.89999962,red,6
2405,5.800000191,0.230000004,0.310000002,3.5,0.044,35,158,0.989979982,3.190000057,0.370000005,12.10000038,white,7
2418,6.599999905,0.319999993,0.25999999,7.699999809,0.054000001,56,209,0.996100008,3.170000076,0.449999988,8.800000191,white,5
2421,6.800000191,0.280000001,0.360000014,8,0.045000002,28,123,0.992799997,3.019999981,0.370000005,11.39999962,white,6
2424,8,0.550000012,0.170000002,8.199999809,0.039999999,13,60,0.995599985,3.089999914,0.300000012,9.5,white,4
2425,6.599999905,0.550000012,0.01,2.700000048,0.034000002,56,122,0.99059999,3.150000095,0.300000012,11.89999962,white,5
2430,6.300000191,0.230000004,0.330000013,1.5,0.035999998,15,105,0.990999997,3.319999933,0.419999987,11.19999981,white,6
2433,7.099999905,0.144999996,0.330000013,4.599999905,0.050000001,33,131,0.994199991,3.279999971,0.400000006,9.600000381,white,6
2441,6.199999809,0.319999993,0.159999996,7,0.045000002,30,136,0.994899988,3.180000067,0.469999999,9.600000381,white,6
2444,6.400000095,0.330000013,0.239999995,1.600000024,0.054000001,25,117,0.994300008,3.359999895,0.5,9.300000191,white,5
2468,4.800000191,0.289999992,0.230000004,1.100000024,0.044,38,180,0.989239991,3.279999971,0.340000004,11.89999962,white,6
2483,12,0.629999995,0.5,1.399999976,0.071000002,6,26,0.997910023,3.069999933,0.600000024,10.39999962,red,4
2486,5.199999809,0.239999995,0.449999988,3.799999952,0.027000001,21,128,0.991999984,3.549999952,0.49000001,11.19999981,white,8
2488,7.400000095,0.159999996,0.300000012,13.69999981,0.056000002,33,168,0.998250008,2.900000095,0.439999998,8.699999809,white,7
2494,7.699999809,0.310000002,0.25999999,7.800000191,0.030999999,23,90,0.994400024,3.130000114,0.5,10.39999962,white,5
2506,7.199999809,0.209999993,0.370000005,1.600000024,0.048999999,23,94,0.992399991,3.160000086,0.479999989,10.89999962,white,7
2513,12.30000019,0.389999986,0.629999995,2.299999952,0.090999998,6,18,1.000399947,3.160000086,0.49000001,9.5,red,5
2527,6.400000095,0.125,0.289999992,5.849999905,0.041999999,24,99,0.991999984,3.230000019,0.319999993,12,white,7
2537,7.199999809,0.370000005,0.150000006,2,0.028999999,27,87,0.9903,3.299999952,0.589999974,12.60000038,white,7
2538,7.400000095,0.200000003,0.360000014,1.200000048,0.037999999,44,111,0.992600024,3.359999895,0.340000004,9.899999619,white,6
2543,6.099999905,0.340000004,0.310000002,12,0.052999999,46,238,0.997699976,3.160000086,0.479999989,8.600000381,white,5
2589,7.199999809,0.239999995,0.270000011,1.399999976,0.037999999,31,122,0.992699981,3.150000095,0.460000008,10.30000019,white,6
2591,6.300000191,0.330000013,0.270000011,1.200000048,0.046,34,175,0.993399978,3.369999886,0.540000021,9.399999619,white,6
2599,8.5,0.239999995,0.389999986,10.39999962,0.044,20,142,0.997399986,3.200000048,0.529999971,10,white,6
2609,6.900000095,0.180000007,0.360000014,1.299999952,0.035999998,40,117,0.993399978,3.269999981,0.949999988,9.5,white,7
2613,6.800000191,0.769999981,0,1.799999952,0.066,34,52,0.997600019,3.619999886,0.680000007,9.899999619,red,5
2616,7.5,0.270000011,0.360000014,7,0.035999998,45,164,0.993900001,3.029999971,0.330000013,11,white,5
2624,7.5,0.589999974,0.219999999,1.799999952,0.082000002,43,60,0.994989991,3.099999905,0.419999987,9.199999809,red,5
2634,6.800000191,0.814999998,0,1.200000048,0.26699999,16,29,0.994710028,3.319999933,0.50999999,9.800000191,red,3
2646,7.699999809,0.280000001,0.389999986,8.899999619,0.035999998,8,117,0.993499994,3.059999943,0.379999995,12,white,7
2652,6.199999809,0.119999997,0.340000004,1.5,0.045000002,43,117,0.993900001,3.420000076,0.50999999,9,white,6
2657,10.30000019,0.170000002,0.469999999,1.399999976,0.037,5,33,0.993900001,2.890000105,0.280000001,9.600000381,white,3
2668,7.800000191,0.49000001,0.49000001,7,0.043000001,29,149,0.995199978,3.210000038,0.330000013,10,white,5
2682,7.300000191,0.300000012,0.74000001,13.5,0.039000001,46,165,0.998199999,3.019999981,0.400000006,8.699999809,white,5
2696,6.400000095,0.180000007,0.349999994,1,0.045000002,39,108,0.991100013,3.309999943,0.349999994,10.89999962,white,6
2710,6.599999905,0.379999995,0.150000006,4.599999905,0.044,25,78,0.993099988,3.109999895,0.379999995,10.19999981,white,6
2716,6.099999905,0.639999986,0.02,2.400000095,0.068999998,26,46,0.993579984,3.470000029,0.449999988,11,red,5
2725,6.900000095,0.319999993,0.25999999,8.300000191,0.052999999,32,180,0.996500015,3.25,0.50999999,9.199999809,white,6
2732,5.800000191,0.330000013,0.230000004,5,0.052999999,29,106,0.994579971,3.130000114,0.519999981,9,white,5
2739,6.400000095,0.230000004,0.389999986,1.799999952,0.032000002,23,118,0.99119997,3.319999933,0.5,11.80000019,white,6
2748,6.900000095,0.289999992,0.230000004,8.600000381,0.056000002,56,215,0.996699989,3.170000076,0.439999998,8.800000191,white,5
2755,7.800000191,0.550000012,0.349999994,2.200000048,0.074000001,21,66,0.997399986,3.25,0.560000002,9.199999809,red,5
2761,6.900000095,0.119999997,0.360000014,2.200000048,0.037,18,111,0.991900027,3.410000086,0.819999993,11.89999962,white,8
2765,8,0.25999999,0.360000014,2,0.054000001,30,121,0.991999984,3.089999914,0.720000029,11.60000038,white,7
2773,11.89999962,0.400000006,0.649999976,2.150000095,0.068000004,7,27,0.99879998,3.059999943,0.680000007,11.30000019,red,6
2778,6.300000191,0.389999986,0.239999995,6.900000095,0.068999998,9,117,0.994199991,3.150000095,0.349999994,10.19999981,white,4
2779,6.800000191,0.25999999,0.239999995,7.800000191,0.052000001,54,214,0.996100008,3.130000114,0.469999999,8.899999619,white,5
2784,7.199999809,0.685000002,0.209999993,9.5,0.07,33,172,0.997099996,3,0.550000012,9.100000381,white,6
2786,9.300000191,0.389999986,0.400000006,2.599999905,0.072999999,10,26,0.998399973,3.339999914,0.75,10.19999981,red,6
2791,6.900000095,0.25,0.25999999,5.199999809,0.024,36,135,0.994799972,3.160000086,0.720000029,10.69999981,white,7
2800,6.900000095,0.189999998,0.349999994,1.700000048,0.035999998,33,101,0.993149996,3.210000038,0.540000021,10.80000019,white,7
2806,5.900000095,0.444999993,0.25999999,1.399999976,0.027000001,23,109,0.991479993,3.299999952,0.360000014,10.5,white,6
2807,7.800000191,0.519999981,0.25,1.899999976,0.081,14,38,0.998399973,3.430000067,0.649999976,9,red,6
2813,7,0.550000012,0.129999995,2.200000048,0.075000003,15,35,0.995899975,3.359999895,0.589999974,9.699999809,red,6
2820,6.5,0.899999976,0,1.600000024,0.052000001,9,17,0.994669974,3.5,0.629999995,10.89999962,red,6
2823,6.699999809,0.300000012,0.439999998,18.75,0.057,65,224,0.999559999,3.109999895,0.529999971,9.100000381,white,5
2834,6.800000191,0.219999999,0.239999995,4.900000095,0.092,30,123,0.995100021,3.029999971,0.460000008,8.600000381,white,6
2836,6.699999809,0.189999998,0.409999996,15.60000038,0.056000002,75,155,0.999499977,3.200000048,0.439999998,8.800000191,white,6
2853,5.800000191,0.230000004,0.310000002,4.5,0.046,42,124,0.993239999,3.309999943,0.639999986,10.80000019,white,6
2856,6.699999809,0.270000011,0.25,8,0.052999999,54,202,0.996100008,3.220000029,0.430000007,9.300000191,white,5
2864,10.60000038,0.360000014,0.569999993,2.299999952,0.086999997,6,20,0.996760011,3.140000105,0.720000029,11.10000038,red,7
2869,6.099999905,0.289999992,0.270000011,1.700000048,0.024,13,76,0.989300013,3.210000038,0.50999999,12.60000038,white,7
2873,6.900000095,0.25,0.300000012,4.099999905,0.054000001,23,116,0.994000018,2.99000001,0.379999995,9.399999619,white,6
2875,6.900000095,0.289999992,0.400000006,19.45000076,0.043000001,36,156,0.999599993,2.930000067,0.469999999,8.899999619,white,5
2882,6,0.430000007,0.340000004,7.599999905,0.045000002,25,118,0.992219985,3.029999971,0.370000005,11,white,6
2884,7.5,0.340000004,0.349999994,6,0.034000002,12,126,0.992399991,3.160000086,0.389999986,12,white,7
2899,5.099999905,0.50999999,0.180000007,2.099999905,0.041999999,16,101,0.992399991,3.460000038,0.870000005,12.89999962,red,7
2900,5.699999809,0.409999996,0.209999993,1.899999976,0.048,30,112,0.991379976,3.289999962,0.550000012,11.19999981,white,6
2910,7.900000095,0.660000026,0,1.399999976,0.096000001,6,13,0.995689988,3.430000067,0.579999983,9.5,red,5
2912,7.5,0.579999983,0.560000002,3.099999905,0.152999997,5,14,0.994759977,3.210000038,1.029999971,11.60000038,red,6
2913,7.099999905,0.660000026,0,2.400000095,0.052000001,6,11,0.993179977,3.349999905,0.660000026,12.69999981,red,7
2923,6.900000095,0.409999996,0.219999999,4.199999809,0.030999999,10,102,0.992999971,3,0.860000014,11.60000038,white,4
2925,7.199999809,0.605000019,0.02,1.899999976,0.096000001,10,31,0.995000005,3.460000038,0.529999971,11.80000019,red,6
2933,7.400000095,0.159999996,0.300000012,13.69999981,0.056000002,33,168,0.998250008,2.900000095,0.439999998,8.699999809,white,7
2935,6.5,0.180000007,0.330000013,8,0.050999999,16,131,0.996500015,3.279999971,0.439999998,8.699999809,white,7
2937,6.5,0.079999998,0.330000013,1.899999976,0.028000001,23,93,0.990999997,3.339999914,0.699999988,12,white,7
2938,7.400000095,0.340000004,0.419999987,1.100000024,0.033,17,171,0.991699994,3.119999886,0.529999971,11.30000019,white,6
2947,6.900000095,0.129999995,0.280000001,13.30000019,0.050000001,47,132,0.996550024,3.339999914,0.419999987,10.10000038,white,6
2948,8.100000381,0.430000007,0.419999987,6.599999905,0.033,36,141,0.99180001,2.980000019,0.389999986,13.30000019,white,7
2951,5.599999905,0.200000003,0.360000014,2.5,0.048,16,125,0.992820024,3.49000001,0.49000001,10,white,6
2954,6.800000191,0.469999999,0.079999998,2.200000048,0.064000003,18,38,0.995530009,3.299999952,0.649999976,9.600000381,red,6
2968,7.800000191,0.280000001,0.49000001,1.299999952,0.046,27,142,0.993600011,3.089999914,0.589999974,10.19999981,white,5
2971,6.599999905,0.409999996,0.159999996,1.399999976,0.037,28,160,0.991670012,2.950000048,0.449999988,10.60000038,white,6
2979,6.300000191,0.600000024,0.439999998,11,0.050000001,50,245,0.997200012,3.190000057,0.569999993,9.300000191,white,4
2982,7.400000095,0.200000003,0.349999994,2.099999905,0.037999999,30,116,0.994899988,3.49000001,0.769999981,10.30000019,white,7
2991,6.900000095,0.839999974,0.209999993,4.099999905,0.074000001,16,65,0.99842,3.529999971,0.720000029,9.25,red,6
3017,6.400000095,0.469999999,0.400000006,2.400000095,0.071000002,8,19,0.996299982,3.559999943,0.730000019,10.60000038,red,6
3025,7.099999905,0.439999998,0.620000005,11.80000019,0.044,52,152,0.997500002,3.119999886,0.460000008,8.699999809,white,6
3034,7.300000191,0.430000007,0.239999995,2.5,0.078000002,27,67,0.996479988,3.599999905,0.589999974,11.10000038,red,6
3038,5.800000191,0.540000021,0,1.399999976,0.033,40,107,0.989180028,3.25999999,0.349999994,12.39999962,white,5
3044,7.900000095,0.289999992,0.49000001,2.200000048,0.096000001,21,59,0.99713999,3.309999943,0.670000017,10.10000038,red,6
3053,7.199999809,0.300000012,0.25999999,1.5,0.041000001,46,178,0.991540015,3.190000057,0.560000002,11.30000019,white,6
3066,6.599999905,0.25999999,0.310000002,4.800000191,0.137999997,41,168,0.995100021,3.200000048,0.379999995,9.300000191,white,5
3071,5.900000095,0.219999999,0.300000012,1.299999952,0.052000001,42,86,0.990689993,3.309999943,0.469999999,11.55000019,white,6
3072,7,0.230000004,0.349999994,1.399999976,0.035999998,31,113,0.99119997,3.160000086,0.479999989,10.80000019,white,7
3083,7.800000191,0.519999981,0.25,1.899999976,0.081,14,38,0.998399973,3.430000067,0.649999976,9,red,6
3087,5.800000191,0.25999999,0.180000007,1.200000048,0.030999999,40,114,0.990800023,3.420000076,0.400000006,11,white,7
3097,8.199999809,0.230000004,0.400000006,1.200000048,0.027000001,36,121,0.991999984,3.119999886,0.379999995,10.69999981,white,6
3111,7,0.310000002,0.25999999,7.400000095,0.068999998,28,160,0.995400012,3.130000114,0.460000008,9.800000191,white,6
3140,7.5,0.319999993,0.239999995,4.599999905,0.052999999,8,134,0.995800018,3.140000105,0.5,9.100000381,white,3
3149,7.5,0.579999983,0.140000001,2.200000048,0.077,27,60,0.996299982,3.279999971,0.589999974,9.800000191,red,5
3152,7.5,0.685000002,0.07,2.5,0.057999998,5,9,0.996320009,3.380000114,0.550000012,10.89999962,red,4
3156,6.699999809,0.189999998,0.360000014,1.100000024,0.026000001,63,143,0.99119997,3.269999981,0.479999989,11,white,6
3157,7.900000095,0.460000008,0.319999993,4.099999905,0.033,40,138,0.99119997,3.180000067,0.439999998,12.80000019,white,7
3164,10.19999981,0.644999981,0.360000014,1.799999952,0.052999999,5,14,0.998199999,3.170000076,0.419999987,10,red,6
3168,6,0.189999998,0.25999999,12.39999962,0.048,50,147,0.997200012,3.299999952,0.360000014,8.899999619,white,6
3173,7.400000095,0.170000002,0.400000006,5.5,0.037,34,161,0.993499994,3.049999952,0.620000005,11.5,white,4
3188,7.699999809,0.280000001,0.330000013,6.699999809,0.037,32,155,0.995100021,3.390000105,0.620000005,10.69999981,white,7
3204,6.699999809,0.300000012,0.439999998,18.5,0.057,65,224,0.999559999,3.109999895,0.529999971,9.100000381,white,5
3214,7.5,0.379999995,0.569999993,2.299999952,0.105999999,5,12,0.99605,3.359999895,0.550000012,11.39999962,red,6
3222,6.699999809,0.400000006,0.219999999,8.800000191,0.052000001,24,113,0.995760024,3.220000029,0.449999988,9.399999619,white,5
3245,6.900000095,0.239999995,0.349999994,1,0.052000001,35,146,0.992999971,3.450000048,0.439999998,10,white,6
3249,11.89999962,0.379999995,0.50999999,2,0.120999999,7,20,0.999599993,3.24000001,0.75999999,10.39999962,red,6
3256,7,0.150000006,0.379999995,2.200000048,0.046999998,33,96,0.992799997,3.130000114,0.389999986,10.39999962,white,8
3267,7.900000095,0.25,0.289999992,5.300000191,0.030999999,33,117,0.99180001,3.059999943,0.319999993,11.80000019,white,7
3271,7.5,0.170000002,0.439999998,11.30000019,0.046,65,146,0.996999979,3.170000076,0.449999988,10,white,6
3274,6.099999905,0.409999996,0,1.600000024,0.063000001,36,87,0.991400003,3.269999981,0.670000017,10.80000019,white,6
3284,7.400000095,0.239999995,0.419999987,14,0.066,48,198,0.997900009,2.890000105,0.419999987,8.899999619,white,6
3297,6.900000095,0.189999998,0.280000001,5,0.057999998,14,146,0.995199978,3.289999962,0.360000014,9.100000381,white,6
3347,10.60000038,0.280000001,0.389999986,15.5,0.068999998,6,23,1.002599955,3.119999886,0.660000026,9.199999809,red,5
3349,6.699999809,0.310000002,0.419999987,6.400000095,0.057,25,148,0.995500028,3.160000086,0.449999988,9.600000381,white,5
3352,7.300000191,0.219999999,0.400000006,14.75,0.041999999,44.5,129.5,0.999800026,3.359999895,0.409999996,9.100000381,white,7
3355,6.900000095,0.74000001,0.029999999,2.299999952,0.054000001,7,16,0.995079994,3.450000048,0.629999995,11.5,red,6
3357,5.800000191,0.239999995,0.389999986,1.5,0.054000001,37,158,0.993200004,3.210000038,0.519999981,9.300000191,white,6
3364,7.400000095,0.159999996,0.300000012,13.69999981,0.056000002,33,168,0.998250008,2.900000095,0.439999998,8.699999809,white,7
3382,7.199999809,0.230000004,0.389999986,2.299999952,0.033,29,102,0.990800023,3.25999999,0.540000021,12.30000019,white,7
3391,7.400000095,0.270000011,0.479999989,1.100000024,0.046999998,17,132,0.991400003,3.190000057,0.49000001,11.60000038,white,6
3405,6.599999905,0.25,0.389999986,1.450000048,0.039999999,40,89,0.991100013,3.349999905,0.400000006,11.39999962,white,7
3409,5.199999809,0.310000002,0.200000003,2.400000095,0.027000001,27,117,0.988860011,3.559999943,0.449999988,13,white,7
3418,7,0.170000002,0.370000005,1.5,0.028000001,26,75,0.992200017,3.299999952,0.460000008,10.80000019,white,7
3421,7.599999905,0.469999999,0.49000001,13,0.238999993,42,220,0.99879998,2.960000038,0.50999999,9.199999809,white,5
3452,7.5,0.129999995,0.379999995,1.100000024,0.023,42,104,0.991119981,3.279999971,0.529999971,11.80000019,white,6
3464,8.300000191,0.845000029,0.01,2.200000048,0.07,5,14,0.996699989,3.319999933,0.579999983,11,red,4
3471,7.900000095,0.409999996,0.370000005,4.5,0.029999999,40,114,0.991999984,3.170000076,0.540000021,12.39999962,white,7
3488,7.599999905,0.270000011,0.289999992,2.5,0.059,37,115,0.993279994,3.089999914,0.370000005,9.800000191,white,5
3492,9.399999619,0.159999996,0.300000012,1.399999976,0.041999999,26,176,0.995400012,3.150000095,0.460000008,9.100000381,white,5
3502,7.900000095,0.280000001,0.409999996,2,0.044,50,152,0.993399978,3.450000048,0.49000001,10.69999981,white,8
3506,7.099999905,0.319999993,0.239999995,13.10000038,0.050000001,52,204,0.998000026,3.099999905,0.49000001,8.800000191,white,5
3507,6.599999905,0.280000001,0.419999987,8.199999809,0.044,60,196,0.995620012,3.140000105,0.479999989,9.399999619,white,5
3514,11.80000019,0.230000004,0.379999995,11.10000038,0.034000002,15,123,0.99970001,2.930000067,0.550000012,9.699999809,white,3
3525,8.300000191,0.280000001,0.400000006,7.800000191,0.041000001,38,194,0.997600019,3.339999914,0.50999999,9.600000381,white,6
3528,7.099999905,0.159999996,0.360000014,1.200000048,0.043000001,21,90,0.992500007,3.160000086,0.419999987,11,white,7
3534,7.199999809,0.230000004,0.379999995,14.30000019,0.057999998,55,194,0.997900009,3.089999914,0.439999998,9,white,6
3538,6.599999905,0.855000019,0.02,2.400000095,0.061999999,15,23,0.996270001,3.539999962,0.600000024,11,red,6
3539,7.300000191,0.400000006,0.239999995,6.699999809,0.057999998,41,166,0.995000005,3.200000048,0.409999996,9.899999619,white,6
3564,6.400000095,0.25,0.319999993,5.5,0.048999999,41,176,0.995000005,3.190000057,0.680000007,9.199999809,white,6
3571,7.5,0.379999995,0.330000013,9.199999809,0.043000001,19,116,0.994440019,3.079999924,0.419999987,11.39999962,white,6
3583,8.699999809,0.689999998,0.310000002,3,0.086000003,23,81,1.000200033,3.480000019,0.74000001,11.60000038,red,6
3584,6.900000095,0.479999989,0.360000014,3.5,0.029999999,31,135,0.990400016,3.140000105,0.379999995,12.19999981,white,7
3585,7.199999809,0.389999986,0.629999995,11,0.044,55,156,0.997399986,3.089999914,0.439999998,8.699999809,white,6
3601,6.5,0.25,0.449999988,7.800000191,0.048,52,188,0.995760024,3.200000048,0.529999971,9.100000381,white,5
3638,5.599999905,0.219999999,0.319999993,1.200000048,0.024,29,97,0.98822999,3.200000048,0.460000008,13.05000019,white,7
3640,7.400000095,0.239999995,0.419999987,14,0.066,48,198,0.997900009,2.890000105,0.419999987,8.899999619,white,6
3648,5.699999809,0.209999993,0.319999993,1.600000024,0.029999999,33,122,0.990440011,3.329999924,0.519999981,11.89999962,white,6
3654,8,0.230000004,0.370000005,9.600000381,0.054000001,23,159,0.997950017,3.319999933,0.469999999,9.800000191,white,4
3658,8.800000191,0.460000008,0.449999988,2.599999905,0.064999998,7,18,0.994700015,3.319999933,0.790000021,14,red,6
3659,6.599999905,0.25,0.409999996,7.400000095,0.043000001,29,151,0.994599998,3.150000095,0.600000024,10.19999981,white,7
3663,6.800000191,0.569999993,0.289999992,2.200000048,0.039999999,15,77,0.993799984,3.319999933,0.74000001,10.19999981,white,5
3670,6.800000191,0.25999999,0.340000004,13.89999962,0.034000002,39,134,0.994899988,3.329999924,0.529999971,12,white,6
3671,6.800000191,0.704999983,0.25,3.200000048,0.048,10,57,0.995999992,3.359999895,0.519999981,9.5,white,4
3674,10.60000038,0.439999998,0.680000007,4.099999905,0.114,6,24,0.996999979,3.059999943,0.660000026,13.39999962,red,6
3679,7.699999809,0.689999998,0.050000001,2.700000048,0.075000003,15,27,0.997399986,3.25999999,0.610000014,9.100000381,red,5
3692,6,0.289999992,0.209999993,1.299999952,0.055,42,168,0.991400003,3.319999933,0.430000007,11.10000038,white,6
3696,6.599999905,0.349999994,0.349999994,6,0.063000001,31,150,0.995369971,3.099999905,0.469999999,9.399999619,white,6
3697,11.60000038,0.474999994,0.400000006,1.399999976,0.090999998,6,28,0.997039974,3.069999933,0.649999976,10.03333378,red,6
3706,5.699999809,0.280000001,0.239999995,17.5,0.044,60,167,0.998899996,3.309999943,0.439999998,9.399999619,white,5
3711,7.300000191,0.670000017,0.02,2.200000048,0.071999997,31,92,0.995660007,3.319999933,0.680000007,11.10000038,red,6
3717,7.300000191,0.219999999,0.400000006,14.75,0.041999999,44.5,129.5,0.999800026,3.359999895,0.409999996,9.100000381,white,7
3722,10.69999981,0.349999994,0.529999971,2.599999905,0.07,5,16,0.997200012,3.150000095,0.649999976,11,red,8
3737,6.599999905,0.219999999,0.370000005,1.200000048,0.059,45,199,0.992999971,3.369999886,0.550000012,10.30000019,white,7
3738,7,0.330000013,0.319999993,1.200000048,0.052999999,38,138,0.99059999,3.130000114,0.280000001,11.19999981,white,6
3740,6,0.310000002,0.239999995,3.299999952,0.041000001,25,143,0.991400003,3.309999943,0.439999998,11.30000019,white,6
3748,5.800000191,0.289999992,0.209999993,2.599999905,0.025,12,120,0.989400029,3.390000105,0.790000021,14,white,7
3754,6.199999809,0.300000012,0.300000012,2.5,0.041000001,29,82,0.990649998,3.309999943,0.610000014,11.80000019,white,7
3766,8,0.370000005,0.319999993,1.600000024,0.039999999,32,166,0.991999984,3,0.550000012,11.30000019,white,7
3774,6.599999905,0.270000011,0.409999996,1.299999952,0.052000001,16,142,0.995100021,3.420000076,0.469999999,10,white,6
3788,10.60000038,0.479999989,0.639999986,2.200000048,0.111000001,6,20,0.996999979,3.25999999,0.660000026,11.69999981,red,6
3799,7.099999905,0.230000004,0.389999986,13.69999981,0.057999998,26,172,0.997550011,2.900000095,0.460000008,9,white,6
3804,9.300000191,0.479999989,0.289999992,2.099999905,0.127000004,6,16,0.996800005,3.220000029,0.720000029,11.19999981,red,5
3817,8,0.319999993,0.25999999,1.200000048,0.050000001,11.5,88,0.994599998,3.24000001,0.370000005,9.5,white,4
3821,5.300000191,0.579999983,0.07,6.900000095,0.043000001,34,149,0.994400024,3.339999914,0.569999993,9.699999809,white,5
3831,5.800000191,0.610000014,0.109999999,1.799999952,0.066,18,28,0.994830012,3.549999952,0.660000026,10.89999962,red,6
3839,6.900000095,0.540000021,0.300000012,2.200000048,0.088,9,105,0.997250021,3.25,1.179999948,10.5,red,6
3846,5.800000191,0.150000006,0.49000001,1.100000024,0.048,21,98,0.992900014,3.190000057,0.479999989,9.199999809,white,5
3848,9.300000191,0.774999976,0.270000011,2.799999952,0.078000002,24,56,0.998399973,3.309999943,0.670000017,10.60000038,red,6
3880,6,0.310000002,0.270000011,2.299999952,0.041999999,19,120,0.989520013,3.319999933,0.409999996,12.69999981,white,7
3883,6.800000191,0.200000003,0.589999974,0.899999976,0.147,38,132,0.992999971,3.049999952,0.379999995,9.100000381,white,6
3887,7.099999905,0.25,0.280000001,1.200000048,0.039999999,31,111,0.991739988,3.180000067,0.529999971,11.10000038,white,5
3902,10.60000038,0.360000014,0.589999974,2.200000048,0.151999995,6,18,0.998600006,3.039999962,1.049999952,9.399999619,red,5
3907,7.300000191,0.349999994,0.239999995,2,0.067000002,28,48,0.995760024,3.430000067,0.540000021,10,red,4
3931,7.699999809,0.959999979,0.200000003,2,0.046999998,15,60,0.995500028,3.359999895,0.439999998,10.89999962,red,5
3934,7.300000191,0.129999995,0.319999993,14.39999962,0.050999999,34,109,0.997399986,3.200000048,0.349999994,9.199999809,white,6
3936,8.399999619,0.189999998,0.419999987,1.600000024,0.046999998,9,101,0.994000018,3.059999943,0.649999976,11.10000038,white,4
3940,7.199999809,0.360000014,0.460000008,2.099999905,0.074000001,24,44,0.99533999,3.400000095,0.850000024,11,red,7
3946,6.900000095,0.74000001,0.029999999,2.299999952,0.054000001,7,16,0.995079994,3.450000048,0.629999995,11.5,red,6
3950,6.400000095,0.340000004,0.230000004,6.300000191,0.039000001,37,143,0.994400024,3.190000057,0.649999976,10,white,6
3957,8.300000191,0.200000003,0.349999994,0.899999976,0.050000001,12,74,0.991999984,3.130000114,0.379999995,10.5,white,6
3967,8.5,0.180000007,0.50999999,1.75,0.071000002,45,88,0.995239973,3.329999924,0.75999999,11.80000019,red,7
3972,7.199999809,0.25999999,0.439999998,7.099999905,0.027000001,25,126,0.992999971,3.019999981,0.340000004,11.10000038,white,8
3987,6,0.340000004,0.660000026,15.89999962,0.046,26,164,0.997900009,3.140000105,0.5,8.800000191,white,6
3994,6.599999905,0.270000011,0.310000002,5.300000191,0.136999995,35,163,0.995100021,3.200000048,0.379999995,9.300000191,white,5
3998,7.099999905,0.49000001,0.219999999,2,0.046999998,146.5,307.5,0.992399991,3.24000001,0.370000005,11,white,3
4023,6.699999809,0.310000002,0.319999993,14.5,0.037999999,6,79,0.994120002,3.140000105,0.340000004,12.5,white,5
4024,6.099999905,0.439999998,0.280000001,4.25,0.032000002,43,132,0.991599977,3.25999999,0.469999999,11.26666641,white,7
4048,7.099999905,0.439999998,0.620000005,11.80000019,0.044,52,152,0.997500002,3.119999886,0.460000008,8.699999809,white,6
4052,6.699999809,0.150000006,0.289999992,5,0.057999998,28,105,0.994599998,3.519999981,0.439999998,10.19999981,white,7
4055,8.600000381,0.230000004,0.460000008,1,0.054000001,9,72,0.994099975,2.950000048,0.49000001,9.100000381,white,6
4058,7.400000095,0.785000026,0.189999998,5.199999809,0.093999997,19,98,0.997129977,3.160000086,0.519999981,9.566666603,red,6
4068,7,0.540000021,0,2.099999905,0.079000004,39,55,0.995599985,3.390000105,0.839999974,11.39999962,red,6
4075,6.300000191,0.230000004,0.300000012,1.799999952,0.033,16,91,0.99059999,3.279999971,0.400000006,11.80000019,white,6
4083,6.900000095,0.400000006,0.560000002,11.19999981,0.043000001,40,142,0.997500002,3.140000105,0.460000008,8.699999809,white,5
4088,6,0.49000001,0,2.299999952,0.068000004,15,33,0.992919981,3.579999924,0.589999974,12.5,red,6
4092,6.400000095,0.170000002,0.319999993,2.400000095,0.048,41,200,0.993799984,3.5,0.5,9.699999809,white,6
4095,9.100000381,0.449999988,0.349999994,2.400000095,0.079999998,23,78,0.998700023,3.380000114,0.620000005,9.5,red,5
4103,7.199999809,0.389999986,0.629999995,11,0.044,55,156,0.997399986,3.089999914,0.439999998,8.699999809,white,6
4105,6.699999809,0.170000002,0.5,2.099999905,0.043000001,27,122,0.992299974,3.150000095,0.449999988,10.30000019,white,6
4107,7,0.109999999,0.319999993,4.599999905,0.057,59,144,0.995599985,3.549999952,0.439999998,9.399999619,white,7
4109,5.099999905,0.419999987,0.01,1.5,0.017000001,25,102,0.989400029,3.380000114,0.360000014,12.30000019,white,7
4128,5.800000191,0.330000013,0.230000004,5,0.052999999,29,106,0.994579971,3.130000114,0.519999981,9,white,5
4145,5.800000191,0.25999999,0.239999995,9.199999809,0.044,55,152,0.996100008,3.309999943,0.379999995,9.399999619,white,5
4146,7.400000095,0.550000012,0.189999998,1.799999952,0.082000002,15,34,0.996550024,3.49000001,0.680000007,10.5,red,5
4154,7.400000095,0.349999994,0.310000002,17.95000076,0.061999999,42,187,1.000200033,3.269999981,0.639999986,9.100000381,white,5
4161,7.800000191,0.289999992,0.360000014,7,0.041999999,38,161,0.994099975,3.25999999,0.370000005,11.19999981,white,8
4170,7.599999905,0.330000013,0.349999994,6.300000191,0.035999998,12,126,0.992399991,3.160000086,0.389999986,12,white,7
4171,5.400000095,0.219999999,0.349999994,6.5,0.028999999,26,87,0.990920007,3.289999962,0.439999998,12.5,white,7
4174,5.400000095,0.74000001,0.090000004,1.700000048,0.089000002,16,26,0.994019985,3.670000076,0.560000002,11.60000038,red,6
4181,7.199999809,0.289999992,0.400000006,13.60000038,0.045000002,66,231,0.997699976,3.079999924,0.589999974,9.600000381,white,6
4193,7.699999809,0.959999979,0.200000003,2,0.046999998,15,60,0.995500028,3.359999895,0.439999998,10.89999962,red,5
4195,6.699999809,0.239999995,0.389999986,2.900000095,0.172999993,63,157,0.993700027,3.099999905,0.340000004,9.399999619,white,6
4197,7.199999809,0.230000004,0.379999995,14.30000019,0.057999998,55,194,0.997900009,3.089999914,0.439999998,9,white,6
4211,6.699999809,0.219999999,0.389999986,10.19999981,0.037999999,60,149,0.997250021,3.170000076,0.540000021,10,white,7
4212,6.800000191,0.670000017,0.300000012,13,0.289999992,22,193,0.998399973,3.079999924,0.670000017,9,white,4
4220,7.5,0.280000001,0.340000004,4.199999809,0.028000001,36,116,0.990999997,2.99000001,0.409999996,12.30000019,white,8
4223,5.599999905,0.25999999,0.270000011,10.60000038,0.029999999,27,119,0.994700015,3.400000095,0.340000004,10.69999981,white,7
4225,7.800000191,0.569999993,0.090000004,2.299999952,0.064999998,34,45,0.99417001,3.460000038,0.74000001,12.69999981,red,8
4232,7.400000095,0.180000007,0.419999987,2.099999905,0.035999998,33,187,0.993799984,3.400000095,0.409999996,10.60000038,white,7
4236,5.800000191,0.189999998,0.330000013,4.199999809,0.037999999,49,133,0.991069973,3.160000086,0.419999987,11.30000019,white,7
4246,6.5,0.25999999,0.319999993,6.650000095,0.059,34,104,0.992540002,3.180000067,0.419999987,11.10000038,white,5
4248,6.400000095,0.289999992,0.439999998,3.599999905,0.196999997,75,183,0.994199991,3.00999999,0.379999995,9.100000381,white,5
4253,8.699999809,0.230000004,0.319999993,13.39999962,0.044,35,169,0.999750018,3.119999886,0.469999999,8.800000191,white,7
4270,8.600000381,0.419999987,0.389999986,1.799999952,0.068000004,6,12,0.995159984,3.349999905,0.689999998,11.69999981,red,8
4273,6.400000095,0.209999993,0.340000004,16.04999924,0.039999999,56,142,0.996779978,3.109999895,0.379999995,10.60000038,white,5
4275,6.599999905,0.370000005,0.07,1.399999976,0.048,58,144,0.992200017,3.170000076,0.379999995,10,white,5
4278,6.099999905,0.409999996,0,1.600000024,0.063000001,36,87,0.991400003,3.269999981,0.670000017,10.80000019,white,6
4291,6.199999809,0.25,0.209999993,15.55000019,0.039000001,28,159,0.998199999,3.480000019,0.639999986,9.600000381,white,6
4294,6.400000095,0.419999987,0.090000004,2.299999952,0.054000001,34,64,0.997240007,3.410000086,0.680000007,10.39999962,red,6
4300,9.399999619,0.289999992,0.550000012,2.200000048,0.050000001,17,119,0.996200025,3.119999886,0.689999998,10.30000019,white,4
4302,6.599999905,0.959999979,0,1.799999952,0.082000002,5,16,0.993600011,3.5,0.439999998,11.89999962,red,6
4308,6.900000095,0.270000011,0.49000001,23.5,0.057,59,235,1.002400041,2.980000019,0.469999999,8.600000381,white,5
4310,7.199999809,0.360000014,0.460000008,2.099999905,0.074000001,24,44,0.99533999,3.400000095,0.850000024,11,red,7
4329,6.800000191,0.25999999,0.239999995,7.800000191,0.052000001,54,214,0.996100008,3.130000114,0.469999999,8.899999619,white,5
4333,7.199999809,0.230000004,0.389999986,2.299999952,0.033,29,102,0.990800023,3.25999999,0.540000021,12.30000019,white,7
4336,6.599999905,0.349999994,0.25999999,2.700000048,0.045000002,19,129,0.989520013,3.24000001,0.479999989,13,white,7
4374,8.300000191,1.019999981,0.02,3.400000095,0.083999999,6,11,0.998920023,3.480000019,0.49000001,11,red,3
4376,7,0.159999996,0.319999993,1.100000024,0.032000002,29,80,0.989719987,3.230000019,0.360000014,12.10000038,white,6
4393,11.89999962,0.389999986,0.689999998,2.799999952,0.094999999,17,35,0.99940002,3.099999905,0.610000014,10.80000019,red,6
4396,7.300000191,0.319999993,0.230000004,13.69999981,0.050000001,49,197,0.99849999,3.200000048,0.460000008,8.699999809,white,5
4406,6.5,0.280000001,0.379999995,7.800000191,0.030999999,54,216,0.991540015,3.029999971,0.419999987,13.10000038,white,6
4408,8.399999619,0.170000002,0.310000002,5.400000095,0.052000001,47,150,0.995299995,3.24000001,0.379999995,9.800000191,white,5
4410,6.800000191,0.170000002,0.319999993,1.399999976,0.039999999,35,106,0.990260005,3.160000086,0.660000026,12,white,5
4424,7,0.430000007,0.02,1.899999976,0.079999998,15,28,0.994920015,3.349999905,0.810000002,10.60000038,red,6
4440,6.699999809,0.230000004,0.389999986,2.5,0.172000006,63,158,0.993700027,3.109999895,0.360000014,9.399999619,white,6
4444,6.699999809,0.25,0.25999999,1.549999952,0.041000001,118.5,216,0.994899988,3.549999952,0.629999995,9.399999619,white,3
4457,10,0.25999999,0.540000021,1.899999976,0.082999997,42,74,0.994509995,2.980000019,0.629999995,11.80000019,red,8
4485,6.699999809,0.670000017,0.02,1.899999976,0.061000001,26,42,0.994889975,3.390000105,0.819999993,10.89999962,red,6
4499,8.199999809,0.370000005,0.360000014,1,0.034000002,17,93,0.99059999,3.039999962,0.319999993,11.69999981,white,8
4509,6.5,0.189999998,0.300000012,0.800000012,0.043000001,33,144,0.993600011,3.420000076,0.389999986,9.100000381,white,6
4514,6.599999905,0.280000001,0.409999996,7,0.046,59,194,0.995580018,3.140000105,0.479999989,9.399999619,white,5
4521,7.5,0.569999993,0.02,2.599999905,0.077,11,35,0.995570004,3.359999895,0.620000005,10.80000019,red,6
4527,10.19999981,0.540000021,0.370000005,15.39999962,0.214000002,55,95,1.003690004,3.180000067,0.769999981,9,red,6
4530,5.699999809,0.219999999,0.25,1.100000024,0.050000001,97,175,0.990989983,3.440000057,0.620000005,11.10000038,white,6
4531,6.5,0.389999986,0.230000004,8.300000191,0.050999999,28,91,0.995199978,3.440000057,0.550000012,12.10000038,red,6
4551,6.800000191,0.219999999,0.310000002,1.399999976,0.052999999,34,114,0.992900014,3.390000105,0.769999981,10.60000038,white,6
4568,6.300000191,0.230000004,0.209999993,5.099999905,0.035,29,142,0.994199991,3.359999895,0.330000013,10.10000038,white,7
4570,5.199999809,0.239999995,0.449999988,3.799999952,0.027000001,21,128,0.991999984,3.549999952,0.49000001,11.19999981,white,8
4575,7.099999905,0.379999995,0.400000006,2.200000048,0.041999999,54,201,0.991770029,3.029999971,0.5,11.39999962,white,5
4577,7.099999905,0.735000014,0.159999996,1.899999976,0.100000001,15,77,0.996599972,3.269999981,0.639999986,9.300000191,red,5
4585,8.399999619,0.270000011,0.460000008,8.699999809,0.048,39,197,0.997399986,3.140000105,0.589999974,9.600000381,white,6
4591,8.600000381,0.529999971,0.219999999,2,0.100000001,7,27,0.996699989,3.200000048,0.560000002,10.19999981,red,6
4593,7.400000095,0.219999999,0.25999999,1.200000048,0.035,18,97,0.992449999,3.119999886,0.409999996,9.699999809,white,6
4594,7.300000191,0.209999993,0.289999992,1.600000024,0.034000002,29,118,0.991699994,3.299999952,0.5,11,white,8
4601,7.400000095,0.159999996,0.330000013,1.200000048,0.041999999,47,121,0.991980016,3.039999962,0.680000007,10.5,white,7
4614,10,0.289999992,0.400000006,2.900000095,0.097999997,10,26,1.00059998,3.480000019,0.910000026,9.699999809,red,5
4632,7.099999905,0.239999995,0.409999996,17.79999924,0.046,39,145,0.999800026,3.319999933,0.389999986,8.699999809,white,5
4634,6.599999905,0.894999981,0.039999999,2.299999952,0.068000004,7,13,0.995819986,3.529999971,0.579999983,10.80000019,red,6
4641,8.899999619,0.589999974,0.389999986,2.299999952,0.094999999,5,22,0.998600006,3.369999886,0.579999983,10.30000019,red,5
4642,6.900000095,0.319999993,0.25999999,8.300000191,0.052999999,32,180,0.996500015,3.25,0.50999999,9.199999809,white,6
4643,8.199999809,0.330000013,0.319999993,2.799999952,0.067000002,4,12,0.994729996,3.299999952,0.75999999,12.80000019,red,7
4646,6.099999905,0.300000012,0.560000002,2.700000048,0.046,46,184,0.992399991,3.309999943,0.569999993,10.89999962,white,6
4649,11,0.25999999,0.680000007,2.549999952,0.085000001,10,25,0.996999979,3.180000067,0.610000014,11.80000019,red,5
4652,6.5,0.280000001,0.349999994,15.39999962,0.041999999,55,195,0.997799993,3.230000019,0.5,9.600000381,white,6
4671,5.800000191,0.610000014,0.01,8.399999619,0.041000001,31,104,0.99089998,3.25999999,0.720000029,14.05000019,white,7
4676,7.099999905,0.230000004,0.389999986,13.69999981,0.057999998,26,172,0.997550011,2.900000095,0.460000008,9,white,6
4687,11.89999962,0.389999986,0.689999998,2.799999952,0.094999999,17,35,0.99940002,3.099999905,0.610000014,10.80000019,red,6
4691,7,0.280000001,0.389999986,8.699999809,0.050999999,32,141,0.996100008,3.380000114,0.529999971,10.5,white,6
4692,6.900000095,0.25,0.300000012,4.099999905,0.054000001,23,116,0.994000018,2.99000001,0.379999995,9.399999619,white,6
4695,5.400000095,0.414999992,0.189999998,1.600000024,0.039000001,27,88,0.992649972,3.539999962,0.409999996,10,white,7
4696,7.199999809,0.360000014,0.460000008,2.099999905,0.074000001,24,44,0.99533999,3.400000095,0.850000024,11,red,7
4715,7.699999809,0.280000001,0.330000013,6.699999809,0.037,32,155,0.995100021,3.390000105,0.620000005,10.69999981,white,7
4727,7.199999809,0.370000005,0.150000006,2,0.028999999,27,87,0.9903,3.299999952,0.589999974,12.60000038,white,7
4731,8,0.670000017,0.300000012,2,0.059999999,38,62,0.995800018,3.25999999,0.560000002,10.19999981,red,6
4738,7.400000095,0.200000003,0.370000005,1.200000048,0.028000001,28,89,0.991320014,3.140000105,0.610000014,11.80000019,white,6
4745,6.400000095,0.300000012,0.449999988,3.5,0.196999997,76,180,0.994199991,3.019999981,0.389999986,9.100000381,white,6
4788,7.599999905,0.430000007,0.310000002,2.099999905,0.068999998,13,74,0.995800018,3.25999999,0.540000021,9.899999619,red,6
4792,6.599999905,0.370000005,0.239999995,2,0.064000003,23,120,0.994599998,3.319999933,0.540000021,9.399999619,white,5
4804,7.400000095,0.159999996,0.300000012,13.69999981,0.056000002,33,168,0.998250008,2.900000095,0.439999998,8.699999809,white,7
4807,6.300000191,0.230000004,0.209999993,5.099999905,0.035,29,142,0.994199991,3.359999895,0.330000013,10.10000038,white,7
4814,6.599999905,0.379999995,0.150000006,4.599999905,0.044,25,78,0.993099988,3.109999895,0.379999995,10.19999981,white,6
4820,13,0.319999993,0.649999976,2.599999905,0.093000002,15,47,0.999599993,3.049999952,0.610000014,10.60000038,red,5
4828,7.099999905,0.209999993,0.319999993,2.200000048,0.037,28,141,0.992999971,3.200000048,0.569999993,10,white,7
4832,5.099999905,0.209999993,0.280000001,1.399999976,0.046999998,48,148,0.991680026,3.5,0.49000001,10.39999962,white,5
4838,5.599999905,0.180000007,0.300000012,10.19999981,0.028000001,28,131,0.995400012,3.49000001,0.419999987,10.80000019,white,7
4853,12.5,0.379999995,0.600000024,2.599999905,0.081,31,72,0.999599993,3.099999905,0.730000019,10.5,red,5
4859,7.099999905,0.469999999,0,2.200000048,0.067000002,7,14,0.995169997,3.400000095,0.579999983,10.89999962,red,4
4864,6.099999905,0.219999999,0.230000004,3.099999905,0.052000001,15,104,0.994799972,3.140000105,0.419999987,8.699999809,white,5
4867,6.5,0.079999998,0.330000013,1.899999976,0.028000001,23,93,0.990999997,3.339999914,0.699999988,12,white,7
4882,6.599999905,0.209999993,0.379999995,2.200000048,0.026000001,40,104,0.991400003,3.25,0.400000006,11.10000038,white,8
4885,6.599999905,0.239999995,0.239999995,8.600000381,0.034000002,25,135,0.995819986,3.329999924,0.589999974,10.30000019,white,6
4889,6.5,0.300000012,0.319999993,2,0.044,34,90,0.991850019,3.369999886,0.680000007,11,white,7
4891,8.899999619,0.319999993,0.49000001,1.600000024,0.050000001,17,131,0.995599985,3.130000114,0.340000004,9.399999619,white,5
4900,7.5,0.25,0.319999993,8.199999809,0.024,53,209,0.995630026,3.119999886,0.460000008,10.80000019,white,6
4913,7.400000095,0.239999995,0.419999987,14,0.066,48,198,0.997900009,2.890000105,0.419999987,8.899999619,white,6
4917,6,0.189999998,0.25999999,12.39999962,0.048,50,147,0.997200012,3.299999952,0.360000014,8.899999619,white,6
4929,5.599999905,0.294999987,0.25999999,1.100000024,0.035,40,102,0.991540015,3.470000029,0.560000002,10.60000038,white,6
4940,7.099999905,0.180000007,0.389999986,14.5,0.050999999,48,156,0.999469995,3.349999905,0.779999971,9.100000381,white,5
4946,6.800000191,0.349999994,0.319999993,2.400000095,0.048,35,103,0.991100013,3.279999971,0.460000008,12,white,8
4963,8.600000381,0.685000002,0.100000001,1.600000024,0.092,3,12,0.997449994,3.309999943,0.649999976,9.550000191,red,6
4970,6.5,0.280000001,0.330000013,15.69999981,0.052999999,51,190,0.997799993,3.220000029,0.50999999,9.699999809,white,6
4983,6.699999809,0.209999993,0.340000004,1.5,0.035,45,123,0.989489973,3.24000001,0.360000014,12.60000038,white,7
4984,7.900000095,0.209999993,0.400000006,1.200000048,0.039000001,38,107,0.991999984,3.210000038,0.540000021,10.80000019,white,6
4987,7.699999809,0.239999995,0.289999992,15.30000019,0.044,39,194,0.998199999,3.059999943,0.469999999,9.600000381,white,7
4993,8.199999809,0.370000005,0.360000014,1,0.034000002,17,93,0.99059999,3.039999962,0.319999993,11.69999981,white,8
4996,9.399999619,0.159999996,0.230000004,1.600000024,0.041999999,14,67,0.994199991,3.069999933,0.319999993,9.5,white,5
5006,7.199999809,0.230000004,0.379999995,14.30000019,0.057999998,55,194,0.997900009,3.089999914,0.439999998,9,white,6
5007,5,0.419999987,0.239999995,2,0.059999999,19,50,0.991699994,3.720000029,0.74000001,14,red,8
5008,6.900000095,0.180000007,0.360000014,1.299999952,0.035999998,40,117,0.993399978,3.269999981,0.949999988,9.5,white,7
5013,8,0.660000026,0.720000029,17.54999924,0.041999999,62,233,0.999899983,2.920000076,0.680000007,9.399999619,white,4
5032,7.300000191,0.25,0.419999987,14.19999981,0.041000001,57,182,0.999599993,3.289999962,0.75,9.100000381,white,7
5033,6.599999905,0.25,0.349999994,14,0.068999998,42,163,0.999000013,3.559999943,0.469999999,9.800000191,white,5
5034,9.300000191,0.270000011,0.409999996,2,0.090999998,6,16,0.998000026,3.279999971,0.699999988,9.699999809,red,5
5040,7.099999905,0.529999971,0.07,1.700000048,0.071000002,15,24,0.995100021,3.289999962,0.660000026,10.80000019,red,6
5044,9.600000381,0.540000021,0.419999987,2.400000095,0.081,25,52,0.996999979,3.200000048,0.709999979,11.39999962,red,6
5048,6.300000191,0.409999996,0.219999999,7.300000191,0.035,23,117,0.991720021,3.200000048,0.389999986,11.93999958,white,7
5060,6.400000095,0.330000013,0.280000001,4,0.039999999,24,81,0.9903,3.25999999,0.639999986,12.60000038,white,7
5070,8.800000191,0.519999981,0.340000004,2.700000048,0.086999997,24,122,0.998199999,3.25999999,0.610000014,9.5,red,5
5090,8.300000191,0.25999999,0.370000005,1.399999976,0.075999998,8,23,0.997399986,3.25999999,0.699999988,9.600000381,red,6
5097,7,0.239999995,0.239999995,9,0.029999999,42,219,0.996360004,3.470000029,0.460000008,10.19999981,white,6
5098,5.599999905,0.245000005,0.25,9.699999809,0.032000002,12,68,0.994000018,3.309999943,0.340000004,10.5,white,5
5115,8.600000381,0.200000003,0.419999987,1.5,0.041000001,35,125,0.992500007,3.109999895,0.49000001,11.39999962,white,7
5118,6.199999809,0.239999995,0.349999994,1.200000048,0.037999999,22,167,0.99119997,3.099999905,0.479999989,10.60000038,white,6
5122,8.300000191,0.61500001,0.219999999,2.599999905,0.086999997,6,19,0.998199999,3.25999999,0.610000014,9.300000191,red,5
5146,6.199999809,0.389999986,0.430000007,2,0.071000002,14,24,0.994279981,3.450000048,0.870000005,11.19999981,red,7
5165,7.599999905,0.360000014,0.49000001,11.30000019,0.046,87,221,0.998399973,3.00999999,0.430000007,9.199999809,white,5
5186,7.300000191,0.209999993,0.289999992,1.600000024,0.034000002,29,118,0.991699994,3.299999952,0.5,11,white,8
5188,6.900000095,0.25,0.349999994,1.299999952,0.039000001,29,191,0.990800023,3.130000114,0.519999981,11,white,6
5193,5.5,0.419999987,0.090000004,1.600000024,0.018999999,18,68,0.99059999,3.329999924,0.50999999,11.39999962,white,7
5212,6.800000191,0.25999999,0.560000002,11.89999962,0.043000001,64,226,0.996999979,3.019999981,0.629999995,9.300000191,white,5
5225,7.099999905,0.159999996,0.360000014,10.69999981,0.044,20,90,0.995899975,3.160000086,0.439999998,10.89999962,white,7
5235,7.400000095,0.129999995,0.389999986,4.699999809,0.041999999,36,137,0.995000005,3.359999895,0.560000002,10.30000019,white,7
5240,8.600000381,0.180000007,0.400000006,1.100000024,0.039999999,20,107,0.992299974,2.940000057,0.319999993,10.19999981,white,7
5257,6.099999905,0.219999999,0.310000002,1.399999976,0.039000001,40,129,0.991930008,3.450000048,0.589999974,10.89999962,white,5
5262,7.699999809,0.170000002,0.519999981,5.900000095,0.017000001,21,84,0.992900014,3.140000105,0.400000006,11.89999962,white,7
5263,8,0.449999988,0.360000014,8.800000191,0.026000001,50,151,0.992699981,3.069999933,0.25,12.69999981,white,8
5266,6.800000191,0.300000012,0.239999995,6.599999905,0.123000003,35,116,0.995299995,3.069999933,0.479999989,9.399999619,white,5
5268,10.5,0.280000001,0.50999999,1.700000048,0.079999998,10,24,0.998199999,3.200000048,0.889999986,9.399999619,red,6
5276,6.699999809,0.409999996,0.239999995,5.400000095,0.035,33,115,0.990100026,3.119999886,0.439999998,12.89333344,white,7
5285,7.800000191,0.25,0.409999996,3.700000048,0.041999999,37,149,0.995400012,3.359999895,0.449999988,10,white,6
5299,8,0.300000012,0.629999995,1.600000024,0.081,16,29,0.995880008,3.299999952,0.779999971,10.80000019,red,6
5305,6,0.270000011,0.189999998,1.700000048,0.02,24,110,0.989799976,3.319999933,0.469999999,12.60000038,white,7
5321,5.800000191,0.300000012,0.379999995,4.900000095,0.039000001,22,86,0.989629984,3.230000019,0.579999983,13.10000038,white,7
5331,6.199999809,0.354999989,0.349999994,2,0.046,31,95,0.988219976,3.059999943,0.460000008,13.60000038,white,6
5334,5.300000191,0.600000024,0.340000004,1.399999976,0.030999999,3,60,0.988539994,3.269999981,0.379999995,13,white,6
5338,5.5,0.310000002,0.289999992,3,0.027000001,16,102,0.990670025,3.230000019,0.560000002,11.19999981,white,6
5340,6.300000191,0.300000012,0.340000004,1.600000024,0.048999999,14,132,0.994000018,3.299999952,0.49000001,9.5,white,6
5343,6.300000191,0.319999993,0.349999994,11.10000038,0.039000001,29,198,0.998399973,3.359999895,0.5,9.399999619,white,7
5346,5.300000191,0.584999979,0.07,7.099999905,0.044,34,145,0.994499981,3.339999914,0.569999993,9.699999809,white,6
5347,6.300000191,0.289999992,0.289999992,3.299999952,0.037,32,140,0.989499986,3.170000076,0.360000014,12.80000019,white,7
5352,6.599999905,0.379999995,0.360000014,9.199999809,0.061000001,42,214,0.997600019,3.309999943,0.560000002,9.399999619,white,5
5390,7.900000095,0.219999999,0.49000001,3.799999952,0.041999999,26,105,0.992999971,3.099999905,0.389999986,10.5,white,5
5404,7.099999905,0.439999998,0.370000005,2.700000048,0.041000001,35,128,0.989600003,3.069999933,0.430000007,13.5,white,7
5409,6,0.310000002,0.270000011,2.299999952,0.041999999,19,120,0.989520013,3.319999933,0.409999996,12.69999981,white,7
5410,5.699999809,0.280000001,0.360000014,1.799999952,0.041000001,38,90,0.990019977,3.269999981,0.980000019,11.89999962,white,7
5411,7.400000095,0.25,0.370000005,6.900000095,0.02,14,93,0.993900001,3,0.479999989,10.69999981,white,7
5418,6.699999809,0.330000013,0.419999987,6.400000095,0.057999998,27,151,0.995400012,3.160000086,0.439999998,9.600000381,white,5
5434,10.19999981,0.540000021,0.370000005,15.39999962,0.214000002,55,95,1.003690004,3.180000067,0.769999981,9,red,6
5437,6.599999905,0.310000002,0.49000001,7.699999809,0.050000001,52,220,0.996399999,3.119999886,0.449999988,8.800000191,white,5
5465,9.100000381,0.519999981,0.330000013,1.299999952,0.07,9,30,0.997799993,3.24000001,0.600000024,9.300000191,red,5
5471,7.400000095,0.25999999,0.370000005,9.399999619,0.046999998,42,147,0.998199999,3.460000038,0.720000029,10,white,5
5479,7.5,0.219999999,0.289999992,4.800000191,0.050000001,33,87,0.994000018,3.140000105,0.419999987,9.899999619,white,5
5481,7,0.239999995,0.349999994,1.5,0.052000001,51,128,0.994099975,3.410000086,0.589999974,10.39999962,white,7
5495,5.599999905,0.330000013,0.280000001,1.200000048,0.030999999,33,97,0.991259992,3.49000001,0.579999983,10.89999962,white,6
5498,6.5,0.115000002,0.289999992,1.950000048,0.037999999,73,166,0.989000022,3.119999886,0.25,12.89999962,white,7
5535,7.800000191,0.180000007,0.460000008,13.60000038,0.052000001,38,118,0.998000026,3.150000095,0.5,10,white,6
5536,7.150000095,0.170000002,0.239999995,9.600000381,0.119000003,56,178,0.995779991,3.150000095,0.439999998,10.19999981,white,6
5548,7.099999905,0.300000012,0.460000008,1.5,0.066,29,133,0.99059999,3.119999886,0.540000021,12.69999981,white,6
5550,6.800000191,0.25,0.340000004,4.699999809,0.030999999,34,134,0.992699981,3.210000038,0.379999995,10.60000038,white,6
5554,7.800000191,0.444999993,0.560000002,1,0.039999999,8,84,0.993799984,3.25,0.430000007,10.80000019,white,5
5561,10.10000038,0.935000002,0.219999999,3.400000095,0.104999997,11,86,1.001000047,3.430000067,0.639999986,11.30000019,red,4
5564,8.600000381,0.550000012,0.349999994,15.55000019,0.057,35.5,366.5,1.000100017,3.039999962,0.629999995,11,white,3
5565,6.900000095,0.400000006,0.560000002,11.19999981,0.043000001,40,142,0.997500002,3.140000105,0.460000008,8.699999809,white,5
5568,6.900000095,0.189999998,0.349999994,1.700000048,0.035999998,33,101,0.993149996,3.210000038,0.540000021,10.80000019,white,7
5569,8.100000381,0.660000026,0.699999988,2.200000048,0.097999997,25,129,0.997200012,3.079999924,0.529999971,9,red,5
5570,5.900000095,0.550000012,0.100000001,2.200000048,0.061999999,39,51,0.995119989,3.519999981,0.75999999,11.19999981,red,6
5587,7.099999905,0.839999974,0.02,4.400000095,0.096000001,5,13,0.996999979,3.410000086,0.569999993,11,red,4
5590,7,0.270000011,0.360000014,20.70000076,0.045000002,45,170,1.001000047,3,0.449999988,8.800000191,white,6
5594,12.80000019,0.839999974,0.629999995,2.400000095,0.088,13,35,0.99970001,3.099999905,0.600000024,10.39999962,red,6
5610,6.599999905,0.280000001,0.280000001,8.5,0.052000001,55,211,0.996200025,3.089999914,0.550000012,8.899999619,white,6
5611,9.600000381,0.680000007,0.239999995,2.200000048,0.086999997,5,28,0.99879998,3.140000105,0.600000024,10.19999981,red,5
5617,7.300000191,0.219999999,0.300000012,8.199999809,0.046999998,42,207,0.996599972,3.329999924,0.460000008,9.5,white,6
5625,7,0.360000014,0.349999994,2.5,0.048,67,161,0.991460025,3.049999952,0.560000002,11.10000038,white,6
5628,6.900000095,0.389999986,0.219999999,4.300000191,0.029999999,10,102,0.992999971,3,0.870000005,11.60000038,white,4
5629,7.199999809,0.389999986,0.439999998,2.599999905,0.066,22,48,0.994939983,3.299999952,0.839999974,11.5,red,6
5640,6.900000095,0.209999993,0.280000001,2.400000095,0.056000002,49,159,0.994400024,3.019999981,0.469999999,8.800000191,white,8
5659,6.300000191,0.254999995,0.370000005,1.100000024,0.039999999,37,114,0.990499973,3,0.389999986,10.89999962,white,6
5662,6.699999809,0.270000011,0.25,8,0.052999999,54,202,0.996100008,3.220000029,0.430000007,9.300000191,white,5
5666,8.699999809,0.230000004,0.319999993,13.39999962,0.044,35,169,0.999750018,3.119999886,0.469999999,8.800000191,white,7
5681,6.599999905,0.200000003,0.319999993,1.100000024,0.039000001,25,78,0.992600024,3.390000105,0.540000021,10.19999981,white,7
5688,7.199999809,0.200000003,0.360000014,2.5,0.028000001,22,157,0.993799984,3.480000019,0.49000001,10.60000038,white,6
5704,6.800000191,0.639999986,0.029999999,2.299999952,0.075000003,14,31,0.99545002,3.359999895,0.579999983,10.39999962,red,6
5716,11.10000038,0.449999988,0.730000019,3.200000048,0.066,6,22,0.998600006,3.170000076,0.660000026,11.19999981,red,6
5723,6.800000191,0.670000017,0.150000006,1.799999952,0.118000001,13,20,0.995400012,3.420000076,0.670000017,11.30000019,red,6
5726,7.800000191,0.25,0.370000005,1,0.043000001,10,80,0.991280019,3.079999924,0.379999995,11.39999962,white,5
5734,6.800000191,0.280000001,0.400000006,22,0.048,48,167,1.001000047,2.930000067,0.5,8.699999809,white,5
5741,7.699999809,0.159999996,0.409999996,1.700000048,0.048,60,173,0.993200004,3.24000001,0.660000026,11.19999981,white,7
5742,7.300000191,0.409999996,0.239999995,6.800000191,0.057,41,163,0.994899988,3.200000048,0.409999996,9.899999619,white,6
5745,9.5,0.735000014,0.100000001,2.099999905,0.079000004,6,31,0.998600006,3.230000019,0.560000002,10.10000038,red,6
5749,7.800000191,0.209999993,0.389999986,1.799999952,0.034000002,62,180,0.990999997,3.089999914,0.75,12.60000038,white,8
5751,7.099999905,0.239999995,0.409999996,17.79999924,0.046,39,145,0.999800026,3.319999933,0.389999986,8.699999809,white,5
5752,6.599999905,0.620000005,0.200000003,8.699999809,0.046,81,224,0.99605,3.170000076,0.439999998,9.300000191,white,5
5770,9.199999809,0.349999994,0.389999986,0.899999976,0.041999999,15,61,0.992399991,2.960000038,0.280000001,10.39999962,white,4
5772,6.900000095,0.319999993,0.25999999,2.299999952,0.029999999,11,103,0.991060019,3.059999943,0.419999987,11.10000038,white,6
5773,8.100000381,0.280000001,0.400000006,6.900000095,0.050000001,30,97,0.995100021,3.25999999,0.439999998,10.10000038,white,6
5774,6.900000095,0.239999995,0.389999986,1.299999952,0.063000001,18,136,0.992799997,3.309999943,0.479999989,10.39999962,white,7
5790,8.199999809,0.230000004,0.400000006,7.5,0.048999999,12,76,0.996599972,3.059999943,0.839999974,9.699999809,white,6
5796,6.699999809,0.340000004,0.25999999,1.899999976,0.037999999,58,138,0.989300013,3,0.469999999,12.19999981,white,7
5802,6.599999905,0.855000019,0.02,2.400000095,0.061999999,15,23,0.996270001,3.539999962,0.600000024,11,red,6
5819,7,0.620000005,0.180000007,1.5,0.061999999,7,50,0.995100021,3.079999924,0.600000024,9.300000191,red,5
5828,6.699999809,0.400000006,0.219999999,8.800000191,0.052000001,24,113,0.995760024,3.220000029,0.449999988,9.399999619,white,5
5846,6.900000095,0.289999992,0.230000004,8.600000381,0.056000002,56,215,0.996699989,3.170000076,0.439999998,8.800000191,white,5
5852,6.199999809,0.569999993,0.100000001,2.099999905,0.048,4,11,0.994480014,3.440000057,0.75999999,10.80000019,red,6
5865,5.400000095,0.289999992,0.469999999,3,0.052000001,47,145,0.992999971,3.289999962,0.75,10,white,6
5873,6.300000191,0.50999999,0.129999995,2.299999952,0.075999998,29,40,0.995739996,3.420000076,0.75,11,red,6
5874,8.199999809,0.360000014,0.289999992,7.599999905,0.035,37,122,0.993900001,3.160000086,0.340000004,12,white,5
5882,10.69999981,0.349999994,0.529999971,2.599999905,0.07,5,16,0.997200012,3.150000095,0.649999976,11,red,8
5890,7,0.579999983,0.119999997,1.899999976,0.090999998,34,124,0.995599985,3.440000057,0.479999989,10.5,red,5
5908,5.099999905,0.140000001,0.25,0.699999988,0.039000001,15,89,0.991900027,3.220000029,0.430000007,9.199999809,white,6
5912,6.199999809,0.280000001,0.569999993,1,0.043000001,50,92,0.990040004,3.170000076,0.360000014,11.5,white,6
5913,6.300000191,0.25999999,0.419999987,7.099999905,0.045000002,62,209,0.995440006,3.200000048,0.529999971,9.5,white,6
5914,6.300000191,0.680000007,0.01,3.700000048,0.103,32,54,0.995859981,3.50999999,0.660000026,11.30000019,red,6
5917,6.800000191,0.560000002,0.029999999,1.700000048,0.083999999,18,35,0.996800005,3.440000057,0.629999995,10,red,6
5921,6.199999809,0.349999994,0.289999992,3.900000095,0.041000001,22,79,0.990050018,3.099999905,0.589999974,12.0666666,white,6
5924,7.099999905,0.270000011,0.270000011,10.39999962,0.041000001,26,114,0.993350029,3.039999962,0.519999981,11.5,white,7
5934,6.800000191,0.25,0.310000002,13.30000019,0.050000001,69,202,0.997200012,3.220000029,0.479999989,9.699999809,white,6
5936,7.900000095,0.189999998,0.449999988,1.5,0.045000002,17,96,0.991699994,3.130000114,0.389999986,11,white,6
5957,7.099999905,0.200000003,0.340000004,16,0.050000001,51,166,0.99849999,3.210000038,0.600000024,9.199999809,white,6
5986,7.099999905,0.270000011,0.600000024,2.099999905,0.074000001,17,25,0.998139977,3.380000114,0.720000029,10.60000038,red,6
5989,7.199999809,0.209999993,0.340000004,11.89999962,0.043000001,37,213,0.996200025,3.089999914,0.5,9.600000381,white,6
5996,5.800000191,0.379999995,0.25999999,1.100000024,0.057999998,20,140,0.992709994,3.269999981,0.430000007,9.699999809,white,6
5999,7.5,0.569999993,0.02,2.599999905,0.077,11,35,0.995570004,3.359999895,0.620000005,10.80000019,red,6
6002,6.599999905,0.170000002,0.280000001,1.799999952,0.041999999,62,178,0.992039979,3.150000095,0.419999987,10.19999981,white,5
6004,7.099999905,0.689999998,0.079999998,2.099999905,0.063000001,42,52,0.996079981,3.420000076,0.600000024,10.19999981,red,6
6010,7,0.239999995,0.180000007,1.299999952,0.046,9,62,0.994000018,3.380000114,0.469999999,10.10000038,white,4
6024,6.900000095,0.839999974,0.209999993,4.099999905,0.074000001,16,65,0.99842,3.529999971,0.720000029,9.233333588,red,6
6027,6.800000191,0.280000001,0.600000024,1.100000024,0.131999999,42,127,0.993399978,3.089999914,0.439999998,9.100000381,white,6
6049,6.699999809,0.159999996,0.639999986,2.099999905,0.059,24,52,0.994939983,3.339999914,0.709999979,11.19999981,red,6
6059,7.599999905,0.319999993,0.340000004,18.35000038,0.054000001,44,197,1.000800014,3.220000029,0.550000012,9,white,5
6066,6.699999809,0.129999995,0.289999992,5.300000191,0.050999999,31,122,0.994400024,3.440000057,0.370000005,9.699999809,white,6
6080,6.800000191,0.270000011,0.25999999,16.10000038,0.048999999,55,196,0.998399973,3.150000095,0.5,9.300000191,white,5
6084,6.400000095,0.280000001,0.560000002,1.700000048,0.156000003,49,106,0.993539989,3.099999905,0.370000005,9.199999809,white,6
6102,6.800000191,0.280000001,0.360000014,7,0.043000001,60,207,0.99555999,3.160000086,0.49000001,9.600000381,white,6
6133,7.800000191,0.289999992,0.289999992,3.150000095,0.044,41,117,0.991530001,3.24000001,0.349999994,11.5,white,5
6139,8.600000381,0.200000003,0.419999987,1.5,0.041000001,35,125,0.992500007,3.109999895,0.49000001,11.39999962,white,7
6147,6.599999905,0.219999999,0.579999983,1.100000024,0.133000001,52,136,0.993200004,3.099999905,0.300000012,9.100000381,white,5
6165,6.5,0.170000002,0.540000021,8.5,0.082000002,64,163,0.995899975,2.890000105,0.389999986,8.800000191,white,6
6177,8.100000381,0.310000002,0.239999995,1.600000024,0.032000002,10,67,0.992399991,3.079999924,0.469999999,10.5,white,5
6184,6.800000191,0.219999999,0.300000012,13.60000038,0.055,50,180,0.998399973,3.440000057,0.389999986,9.800000191,white,5
6186,6.099999905,0.25,0.300000012,1.200000048,0.035999998,42,107,0.990999997,3.339999914,0.560000002,10.80000019,white,7
6189,6.400000095,0.150000006,0.289999992,1.799999952,0.044,21,115,0.991659999,3.099999905,0.379999995,10.19999981,white,5
6201,4.800000191,0.129999995,0.319999993,1.200000048,0.041999999,40,98,0.989799976,3.420000076,0.639999986,11.80000019,white,7
6203,5,0.200000003,0.400000006,1.899999976,0.015,20,98,0.989700019,3.369999886,0.550000012,12.05000019,white,6
6222,8,0.189999998,0.360000014,1.799999952,0.050000001,16,84,0.993600011,3.150000095,0.449999988,9.800000191,white,7
6224,6.599999905,0.200000003,0.379999995,7.900000095,0.052000001,30,145,0.994700015,3.319999933,0.560000002,11,white,7
6226,6.800000191,0.519999981,0.319999993,13.19999981,0.044,54,221,0.997200012,3.269999981,0.5,9.600000381,white,6
6234,7.5,1.11500001,0.100000001,3.099999905,0.086000003,5,12,0.995800018,3.539999962,0.600000024,11.19999981,red,4
6256,6.099999905,0.330000013,0.319999993,7.800000191,0.052000001,52,183,0.996569991,3.390000105,0.649999976,9.5,white,5
6260,7.5,0.310000002,0.409999996,2.400000095,0.064999998,34,60,0.994920015,3.339999914,0.850000024,11.39999962,red,6
6267,6.800000191,0.289999992,0.159999996,1.399999976,0.037999999,122.5,234.5,0.992200017,3.150000095,0.469999999,10,white,4
6272,6.5,0.159999996,0.330000013,1,0.027000001,23,75,0.990800023,3.299999952,0.389999986,11.39999962,white,7
6280,6.300000191,0.550000012,0.150000006,1.799999952,0.077,26,35,0.993139982,3.319999933,0.819999993,11.60000038,red,6
6286,8,0.289999992,0.49000001,11.69999981,0.035,40,131,0.995800018,3.140000105,0.340000004,10.80000019,white,5
6296,6.199999809,0.519999981,0.079999998,4.400000095,0.071000002,11,32,0.996460021,3.559999943,0.629999995,11.60000038,red,6
6300,6.400000095,0.170000002,0.319999993,2.400000095,0.048,41,200,0.993799984,3.5,0.5,9.699999809,white,6
6316,7.599999905,0.330000013,0.360000014,2.099999905,0.034000002,26,172,0.994400024,3.420000076,0.479999989,10.5,white,4
6323,6.599999905,0.230000004,0.319999993,0.899999976,0.041000001,25,79,0.992600024,3.390000105,0.540000021,10.19999981,white,7
6345,5.900000095,0.300000012,0.230000004,4.199999809,0.037999999,42,119,0.992399991,3.150000095,0.5,11,white,5
6350,8.600000381,0.725000024,0.239999995,6.599999905,0.116999999,31,134,1.001399994,3.319999933,1.070000052,9.300000191,red,5
6362,7.199999809,0.129999995,0.460000008,1.299999952,0.044,48,111,0.991270006,2.970000029,0.449999988,11.10000038,white,5
6367,7.199999809,0.230000004,0.319999993,8.5,0.057999998,47,186,0.995599985,3.190000057,0.400000006,9.899999619,white,6
6403,10.39999962,0.409999996,0.550000012,3.200000048,0.075999998,22,54,0.999599993,3.150000095,0.889999986,9.899999619,red,6
6409,8.199999809,0.270000011,0.389999986,7.800000191,0.039000001,49,208,0.997600019,3.309999943,0.50999999,9.5,white,6
6414,6.900000095,0.319999993,0.270000011,16,0.034000002,58,185,0.999379992,3.339999914,0.600000024,9,white,6
6425,8.199999809,0.319999993,0.25999999,2.099999905,0.061999999,26,87,0.989740014,3.099999905,0.469999999,12.80000019,white,6
6434,11.5,0.314999998,0.540000021,2.099999905,0.083999999,5,15,0.998700023,2.980000019,0.699999988,9.199999809,red,6
6441,6.199999809,0.360000014,0.270000011,3.200000048,0.032000002,13,73,0.989419997,2.900000095,0.689999998,12.60000038,white,7
6458,6.900000095,0.319999993,0.25999999,2.299999952,0.029999999,11,103,0.991060019,3.059999943,0.419999987,11.10000038,white,6
6462,8,0.239999995,0.479999989,6.800000191,0.046999998,13,134,0.996159971,3.230000019,0.699999988,10,white,5
6463,6.900000095,0.25,0.239999995,1.799999952,0.052999999,6,121,0.992999971,3.230000019,0.699999988,11.39999962,white,5
6471,7.900000095,0.639999986,0.460000008,10.60000038,0.244000003,33,227,0.998300016,2.869999886,0.74000001,9.100000381,white,3
6479,5.300000191,0.239999995,0.330000013,1.299999952,0.033,25,97,0.99059999,3.589999914,0.379999995,11,white,8
6480,7.400000095,0.25,0.360000014,2.049999952,0.050000001,31,100,0.991999984,3.190000057,0.439999998,10.80000019,white,6
6489,10.5,0.589999974,0.49000001,2.099999905,0.07,14,47,0.999100029,3.299999952,0.560000002,9.600000381,red,4
6492,6.800000191,0.239999995,0.340000004,2.700000048,0.046999998,64.5,218.5,0.993399978,3.299999952,0.579999983,9.699999809,white,6
6497,6.800000191,0.620000005,0.079999998,1.899999976,0.068000004,28,38,0.996510029,3.420000076,0.819999993,9.5,red,6
2437,7.8,0.18,0.46,12.6,0.042,41,143,1,3.24,0.76,8.5,white,6
5078,11.4,0.36,0.69,2.1,0.09,6,21,1,3.17,0.62,9.2,red,6
